,season,subcol,bandnumb,banded,ch_bandnumb,notes,colony,location,CLEANsubcol,chickNO,FinalCHsize,begin,result,result_st,result_dt,chick1size,chick2size,empty_dt,ad1,ad2,note,final_subcol,status,nuch,final_ch1size,final_ch2size,nestpos,year,final_date,initials,final_notes,X,start_dt,dfdate,MLE_notes
1,1617,m2,46234,1,74872,,CROZ,M,2,46234_1,PA,8E,CR2,CR,1/5/2017,PA+,PA,1/5/2017,46234,UB,FISHTAGGED CHX,2,G,2,PA,MEL,0,2017,1/1/2017,MLE,RSO; FT NOT READ,NA,11/1/2011,1888,
2,1617,m2,46234,1,74916,,CROZ,M,2,46234_2,MEL,8E,CR2,CR,1/5/2017,PA+,PA,1/5/2017,46234,UB,FISHTAGGED CHX,2,G,2,PA,MEL,0,2017,1/1/2017,MLE,RSO; FT NOT READ,NA,11/1/2011,1888,
3,1617,m2,32019,1,74865,feather sample,CROZ,M,2,32019_1,PA,2E,CR2,CR,1/5/2017,PA+,PA,1/5/2017,32019,UB,FISHTAGGED CHX,2,G,2,PA,PA,0,2017,1/1/2017,MLE,UB ON,NA,11/1/2011,1888,
4,1617,m2,32019,0,NA,"unknown fate, added record from ALL_RS 2 chx FT initially",CROZ,M,2,32019_2,PA,2E,CR2,CR,1/5/2017,PA+,PA,1/5/2017,32019,UB,FISHTAGGED CHX,2,G,2,PA,PA,0,2017,1/1/2017,MLE,UB ON,NA,11/1/2011,1888,
5,1617,m2,49415,1,74889,,CROZ,M,2,49415_1,PA+,2E,CR2,CR,1/7/2017,PA+,PA,1/7/2017,49415,UB,FISHTAGGED CHX,2,G,2,PA+,PA,0,2017,1/5/2017,MLE,"BOTH FT SEEN, 1/2 CR UB MAYBE SLIGHT G, NO SC",NA,11/1/2011,1892,
6,1617,m2,49415,0,NA,"unknown fate, added record from ALL_RS 2 chx FT initially",CROZ,M,2,49415_2,PA,2E,CR2,CR,1/7/2017,PA+,PA,1/7/2017,49415,UB,FISHTAGGED CHX,2,G,2,PA+,PA,0,2017,1/5/2017,MLE,"BOTH FT SEEN, 1/2 CR UB MAYBE SLIGHT G, NO SC",NA,11/1/2011,1892,
7,1617,m9-10,32565,1,74566,,CROZ,M,9-10,32565_1,MEL,2E,CR,CR2,1/1/2017,MEL,,1/9/2017,32565,UB,BOTH CHICKS FOUND ON 1/21. ONLY ONE WAS BANDED - 74566. THE SECOND WAS TOO SMALL TO BAND.,9-10,BR,2,MEL,,3,2017,1/1/2017,DJ,,NA,11/1/2011,1888,"CONFUSING SEQUENCE, 2ND FT CH NOT SEEN AFTER FTING ON 12-26 UNTIL 1-21 IN CR FOUND"
8,1617,m9-10,32565,0,NA,too small to band,CROZ,M,9-10,32565_2,UND,2E,CR,CR2,1/1/2017,MEL,,1/9/2017,32565,UB,BOTH CHICKS FOUND ON 1/21. ONLY ONE WAS BANDED - 74566. THE SECOND WAS TOO SMALL TO BAND.,9-10,BR,2,MEL,,3,2017,1/1/2017,DJ,,NA,11/1/2011,1888,
9,1617,m1,62029,1,74918,10K scale,CROZ,M,1,62029_1,PA,2E,CR1,CR,1/7/2017,PA+,,1/7/2017,62029,UB,"FISHTAGGED CHICK, SECOND EGG DID NOT HATCH AND GONE",1,G,1,PA,,0,2017,1/1/2017,MLE,UB ON; FT NOT READ,NA,11/1/2011,1888,
10,1617,m8,50562,0,NA,too small to band,CROZ,M,8,50562_2,MEL,1E,CR2,CR,1/5/2017,MEL,,1/5/2017,50562,UB,,8,BR/G,2,PA,MEL,0,2017,1/1/2017,AL,FT CHICKS. RSO,NA,11/1/2011,1888,
11,1617,m8,50562,1,74554,,CROZ,M,8,50562_1,PA,1E,CR2,CR,1/5/2017,MEL,,1/5/2017,50562,UB,,8,BR/G,2,PA,MEL,0,2017,1/1/2017,AL,FT CHICKS. RSO,NA,11/1/2011,1888,
12,1617,m8,50229,1,74597,,CROZ,M,8,50229_1,MEL,2E,CR1,CR,1/5/2017,PA,,1/5/2017,50229,UB,,8,BR,1,MEL,,0,2017,1/1/2017,AL,UB ON,NA,11/1/2011,1888,
13,1617,L,49455,0,NA,"unknown fate, added record from ALL_RS 2 chx FT initially",CROZ,L,NA,49455_2,MEL,1E,CR8,CR,1/11/2017,PA,,1/11/2017,49455,UB,,,G,2,MEL,MEL,0,2017,1/7/2017,DJ,UB EVING NEXT TO FT CHX,NA,11/1/2011,1894,
14,1617,L,49455,1,74972,,CROZ,L,NA,49455_1,PA,1E,CR8,CR,1/11/2017,PA,,1/11/2017,49455,UB,,,G,2,MEL,MEL,0,2017,1/7/2017,DJ,UB EVING NEXT TO FT CHX,NA,11/1/2011,1894,
15,1617,L,47062,1,74977,,CROZ,L,NA,47062_1,PA,1E,CR1,CR,1/4/2017,PA+,,1/4/2017,47062,UB,FISH TAG CHICK CRECHED,,G,1,PA,,2,2017,1/7/2017,DJ,UB NEAR FT CHICK,NA,11/1/2011,1894,
16,1617,mwb2,70807,1,74923,10K scale,CROZ,M,WB2,70807_1,GF,2E,CR1,BR,1/1/2017,,,1/5/2017,70807,UB,FT CH CONFIRMED IN CR ON 1/8,WB2,BR,1,GF,,0,2017,1/1/2017,AS,RSO,NA,11/1/2011,1888,
17,1617,m40,71161,1,74871,,CROZ,M,39-40,71161_1,PA,1E,CR1,CR,1/16/2017,PA,,1/16/2017,71161,UB,FT CH CONFIRMED IN CR,40,G,1,2K,,0,2017,1/11/2017,AS,UB ON,NA,11/1/2011,1898,
18,1617,m39,46536,1,74873,,CROZ,M,39-40,46536_1,GF,1E,CR1,CR,1/5/2017,MEL,,1/5/2017,46536,UB,"HAD 2 CHX, ONLY LARGER ONE FT'D. SMALL CH DISAPPEARED BEFORE CR. FT CH CONF IN CR, CR AFTER GF SIZE",39,BR,1,GF,,0,2017,1/1/2017,AS,UB ON,NA,11/1/2011,1888,
19,1617,B,50981,1,74599,,CROZ,B,NA,50981_1,MEL,1E,CR1,CR,1/7/2017,PA,,1/7/2017,50981,UB,,,BR,1,MEL,,0,2017,1/4/2017,AS,BNR; FT SEEN,NA,11/1/2011,1891,
20,1617,B,70449,1,74559,,CROZ,B,NA,70449_1,MEL,1E,CR1,BR,1/4/2017,MEL,,1/7/2017,70449,UB,LAID 2E. FT CH CONFIRMED IN CR 1/9,,BR,1,MEL,,1,2017,1/4/2017,DJ,FT CHICK. RE-FLAGGED,NA,11/1/2011,1891,
21,1617,B,49990,1,74555,,CROZ,B,NA,49990_1,PA,1E,CR1,G,1/4/2017,PA,,1/7/2017,49990,UB,FT CH CONFIRM IN CR 01/11/17. CH BANDED ON 01/21/17,,G,1,PA,,2,2017,1/4/2017,DJ,FT CHICK SEEN WITH UB,NA,11/1/2011,1891,
22,1617,B,50529,1,74598,,CROZ,B,NA,50529_1,PA+,1E,CR1,CR,1/4/2017,,,1/4/2017,50529,UB,FT CH CONFIRM IN CR. CH BANDED 1/21/17,,G,1,PA+,,0,2017,1/7/2017,AS,3K CH. FISH TAG SEEN,NA,11/1/2011,1894,
23,1617,m2,50992,1,74876,,CROZ,M,2,50992_1,PA,2E,CR1,CR,1/11/2017,PA+,,1/11/2017,50992,UB,"FISHTAGGED CHX, SMALLER CH GONE 01/07, FT NOT RECOVERED",2,G,1,PA,,0,2017,1/8/2017,MLE,CH FT,NA,11/1/2011,1895,
24,1617,m2,50992,0,NA,"FT not found, gone by 01/07, added record from ALL_RS 2 chx FT initially",CROZ,M,2,50992_2,UND,2E,CR1,CR,1/11/2017,PA+,,1/11/2017,50992,UB,"FISHTAGGED CHX, SMALLER CH GONE 01/07, FT NOT RECOVERED",2,G,1,PA,,0,2017,1/8/2017,MLE,CH FT,NA,11/1/2011,1895,
25,1617,m1,62146,1,74921,10K scale,CROZ,M,2,62146_1,GF,2E,CR1,CR,1/5/2017,MEL,,1/5/2017,62146,UB,FISHTAGGED CHICK,1,G,1,GF,,0,2017,1/1/2017,MLE,UB ON; FT NOT READ,NA,11/1/2011,1888,
26,1617,m7,69258,1,74778,,CROZ,M,7,69258_1,MEL,2E,CR1,BR,1/5/2017,MEL,,1/8/2017,69258,UB,FT CHICK,7,BR,1,MEL,,1,2017,1/5/2017,EAB,UB ON,NA,11/1/2011,1892,
27,1617,m38,62204,1,74867,,CROZ,M,38,62204_1,PA,1E,CR1,CR,1/8/2017,MEL,,1/8/2017,62204,UB,FISHTAGGED CHICK,38,G,1,PA,,0,2017,1/7/2017,MLE,"FT CH STILL IN SC, SORTOF",NA,11/1/2011,1894,
28,1617,m2,71203,0,NA,too small to band,CROZ,M,2,71203_1,MEL,2E,CR1,CR,1/15/2017,PA,,1/15/2017,71203,UB,FT CH SEEN IN CR,2,BR,1,MEL,,0,2017,1/11/2017,MLE,"UB SWITCH, AND NEW UB LOOSELY G, BB KC 10 NP AWAY FROM FLAGGED NEST. BB GDR OK, TOOK SOME STEPS AROUND NEST",NA,11/1/2011,1898,
29,1617,m19,71695,1,74552,,CROZ,M,19,71695_1,PA,2E,CR1,CR,1/8/2017,PA,,1/8/2017,71695,UB,FT CHICK BANDED,19,G,1,PA,,1,2017,1/5/2017,DJ,FT CHICK. GDR ON (HIGH UP). WALKING FINE,NA,11/1/2011,1892,
30,1617,m7,50416,0,NA,declared dead 01/01 when FT#56 CR,CROZ,M,7,50416_2,OR,2E,CR2,BR,12/28/2016,MEL,OR,1/1/2017,50416,UB,"3 FT CHX, 2 CRECHED, 1 DEAD",7,BR,3,MEL,OR,2,2016,12/28/2016,EAB,CHICKS 2 AND 3 BOTH ORANGES,NA,11/1/2011,1884,
31,1617,m7,50416,1,74709,,CROZ,M,7,50416_1,MEL,2E,CR2,BR,12/28/2016,MEL,OR,1/1/2017,50416,UB,"3 FT CHX, 2 CRECHED, 1 DEAD",7,BR,3,MEL,OR,2,2016,12/28/2016,EAB,CHICKS 2 AND 3 BOTH ORANGES,NA,11/1/2011,1884,
32,1617,m7,49234,1,74839,,CROZ,M,7,49234_1,GF,2E,CR8,BR,1/1/2017,GF,OR,1/5/2017,49234,UB,"FT CHX, ONE CONFIRMED IN CRECHE, OTHER OF UNKNOWN FATE",7,BR,2,GF,OR,3,2017,1/1/2017,EAB,GDR OK,NA,11/1/2011,1888,2nd ch never seen in cr
33,1617,m7,48431,1,74847,,CROZ,M,7,48431_1,MEL,1E,CR2,G,1/1/2017,MEL,GF,1/5/2017,48431,UB,FT CHX,7,G,2,MEL,GF,2,2017,1/1/2017,EAB,"GDR OK, FEEDING CHICK 50%FISH 50%KRILL",NA,11/1/2011,1888,
34,1617,m7,48431,0,NA,"unknown fate, added record from ALL_RS 2 chx FT initially",CROZ,M,7,48431_2,GF,1E,CR2,G,1/1/2017,MEL,GF,1/5/2017,48431,UB,FT CHX,7,G,2,MEL,GF,2,2017,1/1/2017,EAB,"GDR OK, FEEDING CHICK 50%FISH 50%KRILL",NA,11/1/2011,1888,
35,1617,m5a,51234,1,74609,,CROZ,M,7,51234_1,MEL,1E,CR8,BR,1/5/2017,MEL,GF,1/8/2017,51234,UB,"FT CHX, 1 CONFIRMED CR",7,BR,2,MEL,GF,1,2017,1/5/2017,EAB,,NA,11/1/2011,1892,
36,1617,m7,51234,1,74729,,CROZ,M,7,51234_2,GF,1E,CR8,BR,1/5/2017,MEL,GF,1/8/2017,51234,UB,"FT CHX, 1 CONFIRMED CR",7,BR,2,MEL,GF,1,2017,1/5/2017,EAB,,NA,11/1/2011,1892,
37,1617,m31,50100,1,74662,,CROZ,M,32,50100_1,GF,1E,CR1,BR,1/1/2017,GF,,1/5/2017,50100,UB,FT CHICK,32,BR,1,GF,,4,2017,1/1/2017,EAB,GDR OK,NA,11/1/2011,1888,
38,1617,m31,49528,1,74663,,CROZ,M,5A,49528_1,MEL,1E,CR2,BR,12/28/2016,MEL,GF,1/1/2017,49528,UB,FT CHX,5A,BR,2,MEL,GF,4,2016,12/28/2016,EAB,UB ON,NA,11/1/2011,1884,
39,1617,m5a,49528,1,74604,,CROZ,M,5A,49528_2,GF,1E,CR2,BR,12/28/2016,MEL,GF,1/1/2017,49528,UB,FT CHX,5A,BR,2,MEL,GF,4,2016,12/28/2016,EAB,UB ON,NA,11/1/2011,1884,
40,1617,m5,49012,1,NA,"unknown fate, added record from ALL_RS 2 chx FT initially",CROZ,M,3,49012_1,GF,1E,CR2,BR,1/1/2017,MEL,,1/5/2017,49012,UB,"FT CHX, ONE CRECHED BEFORE OTHER SO LAST STATUS ONLY FOR ONE CHICK",3,BR,1,MEL,,3,2017,1/1/2017,EAB,"UB PAIR ON MARKD NEST, BB AND CHICK IN NEARBY SCOOP",NA,11/1/2011,1888,"changed to last record with both GF chx in nest, MEL check were half CR, seen in CR 1-16, made both band = y"
41,1617,m5,49012,1,74912,caught in m5 but not from a nest in 5. Nest was in m3,CROZ,M,3,49012_2,GF,1E,CR2,BR,1/1/2017,MEL,,1/5/2017,49012,UB,"FT CHX, ONE CRECHED BEFORE OTHER SO LAST STATUS ONLY FOR ONE CHICK",3,BR,1,MEL,,3,2017,1/1/2017,EAB,"UB PAIR ON MARKD NEST, BB AND CHICK IN NEARBY SCOOP",NA,11/1/2011,1888,
42,1617,m3,46311,1,74975,,CROZ,M,3,46311_1,GF,1E,CR2,BR,1/1/2017,GF,GF,1/5/2017,46311,UB,FT CHX IN CR,3,BR,2,GF,GF,1,2017,1/1/2017,EAB,GDR OK,NA,11/1/2011,1888,"only one chick found for banding day, both seen on 1/16 so band = y for both"
43,1617,m3,46311,1,NA,"unknown fate, added record from ALL_RS 2 chx FT initially",CROZ,M,3,46311_2,GF,1E,CR2,BR,1/1/2017,GF,GF,1/5/2017,46311,UB,FT CHX IN CR,3,BR,2,GF,GF,1,2017,1/1/2017,EAB,GDR OK,NA,11/1/2011,1888,"only one chick found for banding day, both seen on 1/16 so band = y for both"
44,1617,m3,51069,1,74878,,CROZ,M,3,51069_1,GF,2E,CR1,BR,1/1/2017,GF,,1/5/2017,51069,UB,FT CHICK,3,BR,1,GF,,2,2017,1/1/2017,EAB,UB ON,NA,11/1/2011,1888,
45,1617,m3,50171,1,74877,,CROZ,M,3,50171_1,GF,1E,CR1,BR,1/1/2017,GF,,1/5/2017,50171,UB,FT CHICK,3,BR,1,GF,,2,2017,1/1/2017,EAB,UB ON,NA,11/1/2011,1888,
46,1617,m18,32124,1,74596,,CROZ,M,18,32124_1,MEL,1E,CR2,BR,1/1/2017,GF,MEL,1/5/2017,32124,UB,BOTH FISHTAG CHICKS SEEN AT NEST,18,BR,2,GF,MEL,4,2017,1/1/2017,DJ,UB ON.,NA,11/1/2011,1888,
47,1617,m18,32124,0,NA,"unknown fate, added record from ALL_RS 2 chx FT initially",CROZ,M,18,32124_2,GF,1E,CR2,BR,1/1/2017,GF,MEL,1/5/2017,32124,UB,BOTH FISHTAG CHICKS SEEN AT NEST,18,BR,2,GF,MEL,4,2017,1/1/2017,DJ,UB ON.,NA,11/1/2011,1888,
48,1617,m17,50000,1,74558,,CROZ,M,17,50000_1,PA,2E,CR1,CR,1/5/2017,,,1/5/2017,50000,UB,FISH TAG SEEN ON CHICK NEAR NEST OVER SEVERAL CHECKS,17,G,1,PA,,2,2017,1/1/2017,DJ,FISH TAG SEEN ON CHICK.,NA,11/1/2011,1888,
49,1617,m9-10,62116,1,74560,,CROZ,M,9-10,62116_1,MEL,8E,CR1,CR,1/11/2017,PA,,1/11/2017,62116,UB,,9-10,G,2,MEL,OR,2,2017,1/5/2017,DJ,2 FT CHX SEEN,NA,11/1/2011,1892,2nd ch never seen in cr
50,1617,m23,49389,1,74600,,CROZ,M,23,49389_1,GF,2E,CR1,CR,1/8/2017,,,1/8/2017,49389,UB,,23,BR,2,GF,GF,3,2017,1/1/2017,DJ,UB ON.  BOTH CHICKS SEEN WITH FISH TAGS.,NA,11/1/2011,1888,ONLY 1 CHICK SEEN IN CR
51,1617,m9-10,70914,1,74553,,CROZ,M,9-10,70914_1,GF,1E,CR1,CR,1/8/2017,MEL,,1/8/2017,70914,UB,FT CHICK SEEN ON 1/8 NEAR NEST AND CONFIRMED NUMBER ON 1/16,9-10,BR,1,GF,,0,2017,1/1/2017,DJ,UB NEAR FT CHICK,NA,11/1/2011,1892,"chick1size in closeouts filled out as MEL, but in RS never said MEL, GF on 12-28 and 1-1"
52,1617,m8,51055,1,74595,,CROZ,M,8,51055_1,PA,1E,CR8,CR,1/8/2017,PA,,1/8/2017,51055,UB,,8,G,2,PA,GF,0,2017,1/5/2017,AL,UB ON.,NA,11/1/2011,1892,
53,1617,m8,51055,0,NA,too small to band,CROZ,M,8,51055_2,GF,1E,CR8,CR,1/8/2017,PA,,1/8/2017,51055,UB,,8,G,2,PA,GF,0,2017,1/5/2017,AL,UB ON.,NA,11/1/2011,1892,
54,1617,m8,45983,1,74567,,CROZ,M,8,45983_1,PA,2E,CR1,BR,1/5/2017,PA,,1/8/2017,45983,UB,FISH TAG CHICK 087 BANDED ON 1/21. BAND 74567.,8,BR,1,PA,,0,2017,1/5/2017,AL,UB ON.,NA,11/1/2011,1892,
55,1617,m8,46334,1,74551,,CROZ,M,8,46334_1,PA,2E,CR1,CR,1/11/2017,PA,,1/8/2017,46334,UB,ONE FISH TAG CHICK 088 BANDED ON 1/21. BAND 74551. 2ND FISH TAG NOT FOUND.,8,G,2,PA,MEL,0,2017,1/5/2017,AL,,NA,11/1/2011,1892,
56,1617,N,70439,1,74557,,CROZ,N,NA,70439_1,GF,2E,CR2,CR,1/7/2017,MEL,,1/7/2017,70439,UB,BOTH FT CHX CONFIRMED IN CR 1/21,,BR,2,GF,GF,0,2017,1/4/2017,AL,UB ON FT CHICKS,NA,11/1/2011,1891,
57,1617,N,70439,0,NA,too small to band,CROZ,N,NA,70439_2,GF,2E,CR2,CR,1/7/2017,MEL,,1/7/2017,70439,UB,BOTH FT CHX CONFIRMED IN CR 1/21,,BR,2,GF,GF,0,2017,1/4/2017,AL,UB ON FT CHICKS,NA,11/1/2011,1891,STILL ALIVE 1/21 TOO SMALL TO BAND
58,1617,L,46856,1,74968,,CROZ,L,NA,46856_1,PA,1E,CR1,CR,1/7/2017,PA,,1/7/2017,46856,UB,FISH TAG CHICK CRECHED 096 BANDED ON 1/23 74968,,G,1,PA,,0,2017,1/1/2017,AL,UB ON FT CHICK,NA,11/1/2011,1888,
59,1617,B,48840,1,74594,,CROZ,B,NA,48840_1,GF,1E,CR1,CR,1/4/2017,MEL,,1/4/2017,48840,UB,,,BR,1,GF,,0,2016,12/30/2016,AL,UB ON. FISHTAG 098,NA,11/1/2011,1886,
61,1617,m1,70708,1,74924,10K scale,CROZ,M,1,70708_1,GF,2E,CR8,CR,1/7/2017,MEL,,1/7/2017,70708,UB,FISHTAGGED 2 CHX BUT ONLY ONE SEEN IN CRECHE,1,BR,2,GF,OR,0,2017,1/1/2017,MLE,UB ON; FT CHX 152 AND 153,NA,11/1/2011,1888,ONLY 1 CHICK SEEN IN CR
62,1617,m1,71689,1,74855,just got fed huge meal by GDR BB right before measuring. Also feather sampled,CROZ,M,1,71689_1,PA,2E,CR1,CR,1/8/2017,MEL,,1/8/2017,71689,UB,"FISHTAGGED CHICKS, ONE CHICK DIED IN NEST FT REMOVED",1,G,1,PA,,0,2017,1/7/2017,MLE,FT155 ON DEAD SM CH AND FT REMOVED,NA,11/1/2011,1894,
63,1617,m1,71689,0,NA,"died in nest, FT removed",CROZ,M,1,71689_1,UND,2E,CR1,CR,1/8/2017,MEL,,1/8/2017,71689,UB,"FISHTAGGED CHICKS, ONE CHICK DIED IN NEST FT REMOVED",1,G,1,PA,,0,2017,1/7/2017,MLE,FT155 ON DEAD SM CH AND FT REMOVED,NA,11/1/2011,1894,
64,1617,m1,70940,0,NA,"10K scale, nest was in m2",CROZ,M,2,70940_1,GF,2E,CR1,CR,1/7/2017,MEL,,1/7/2017,70940,UB,FISHTAGGED CHICK,1,BR,1,GF,,0,2017,1/5/2017,MLE,UB ON LRG GF,NA,11/1/2011,1892,
65,1617,m40,72001,1,74858,,CROZ,M,39-40,72001_1,MEL,1E,CR1,CR,1/16/2017,PA,,1/16/2017,72001,UB,FT CH IN CR,40,BR,1,MEL,,0,2017,1/11/2017,AS,UB ON,NA,11/1/2011,1898,
66,1617,m34-35,51326,1,74979,,CROZ,M,33-35,51326_1,MEL,1E,CR8,BR,1/8/2017,MEL,GF,1/11/2017,51326,UB,"FT CHX, 1 CONFIRMED CR",34/35,BR,2,MEL,GF,1,2017,1/8/2017,EAB,"UB ON, FT CHX IN NEST",NA,11/1/2011,1895,ONLY 1 CHICK SEEN IN CR
67,1617,mwb2,70863,1,74949,10K scale,CROZ,M,WB2,70863_1,MEL,8E,CR1,CR,1/11/2017,,,1/11/2017,70863,UB,ONLY 1E EVER SEEN. FT CH CONFIRMED IN CR,WB2,G,1,MEL,,0,2017,1/8/2017,AS,UB ON,NA,11/1/2011,1895,
68,1718,M19,71695,1,75078,,CROZ,M,19,71695_1,PA+,1E,CR1,CR,1/11/2018,,,1/8/2018,71695,UB,FISH TAG CHK SEEN IN CR,19,BR/G,1,PA+,,0,2018,1/7/2018,DJ,UB ON FT CHICK ON NEST.,NA,11/1/2011,2259,
69,1718,M9/10,50945,1,75063,,CROZ,M,9-10,50945_1,PA+,2E,CR1,CR,1/11/2018,PA+,,1/11/2018,50945,UB,FISH TAG CHICK CRECHED AND BANDED.,9-10,G,1,PA+,,4,2018,1/3/2018,DJ,,NA,11/1/2011,2255,
70,1718,B,49990,1,75061,,CROZ,B,NA,49990_1,GF,1E,CR2,CR,1/1/2018,PA,MEL,1/1/2018,49990,UB,PA+ FISHTAGGED CHICKS IN CRECHE,,BR,2,GF,GF,1,2017,12/28/2017,DJ,BOTH CHICKS WITH FISH TAGS - NOT READ.,NA,11/1/2011,2249,
71,1718,B,49990,1,75076,,CROZ,B,NA,49990_2,GF,1E,CR2,CR,1/1/2018,PA,MEL,1/1/2018,49990,UB,PA+ FISHTAGGED CHICKS IN CRECHE,,BR,2,GF,GF,1,2017,12/28/2017,DJ,BOTH CHICKS WITH FISH TAGS - NOT READ.,NA,11/1/2011,2249,
72,1718,B,48840,1,75055,,CROZ,B,NA,75055_1,PA+,1E,CR1,CR,1/19/2018,PA+,,1/8/2018,48840,UB,FISHTAGGED CHICK,,G,8,PA+,,0,2018,1/5/2018,AL,"1 FT CHICK, OTHER CHICKS AROUND",NA,11/1/2011,2257,
73,1718,N,70439,1,75096,,CROZ,N,NA,70439_1,OR,2E,CR2,CR,1/19/2018,PA+,PA+,1/1/2018,70439,UB,"ASSUMED FAILED THREE DAYS AFTER ORANGES SEEN, BUT BOTH FISH TAG CHICKS FOUND AND BANDED",,BR,2,OR,OR,0,2017,12/29/2017,DJ,UB ON. CHICKS FISH TAGGED - 195 - 197,NA,11/1/2011,2250,
74,1718,N,70439,1,75058,,CROZ,N,NA,70439_2,OR,2E,CR2,CR,1/19/2018,PA+,PA+,1/1/2018,70439,UB,"ASSUMED FAILED THREE DAYS AFTER ORANGES SEEN, BUT BOTH FISH TAG CHICKS FOUND AND BANDED",,BR,2,OR,OR,0,2017,12/29/2017,DJ,UB ON. CHICKS FISH TAGGED - 195 - 197,NA,11/1/2011,2250,
75,1718,C,48803,1,75097,,CROZ,C,NA,48803_1,PA+,1E,CR2,P/G,1/15/2018,PA+,PA+,1/6/2018,48803,UB,SAW UB WITH BB FEEDING 2 CHICKS AFTER CRECHING + LHVING ALL TOGETHER,,P/G,2,PA+,PA+,0,2018,1/15/2018,AL,"EQUIPPED BB WITH GDR TODAY. HIS/HER NAME IS PALOMA. CHICKS ARE HUGE, > 2.5 KG. CHICK 1 HAS FT 235, CHICK 2 HAS FT 236 AND 237, YES, 2 FISHTAGS FOR CHICK 2...",NA,11/1/2011,2267,
76,1718,C,48803,1,75091,,CROZ,C,NA,48803_2,PA+,1E,CR2,P/G,1/15/2018,PA+,PA+,1/6/2018,48803,UB,SAW UB WITH BB FEEDING 2 CHICKS AFTER CRECHING + LHVING ALL TOGETHER,,P/G,2,PA+,PA+,0,2018,1/15/2018,AL,"EQUIPPED BB WITH GDR TODAY. HIS/HER NAME IS PALOMA. CHICKS ARE HUGE, > 2.5 KG. CHICK 1 HAS FT 235, CHICK 2 HAS FT 236 AND 237, YES, 2 FISHTAGS FOR CHICK 2...",NA,11/1/2011,2267,
77,1718,M7,69258,1,75059,,CROZ,M,7,69258_1,PA,1E,CR1,CR,1/15/2018,PA,,1/15/2018,69258,UB,FISHTAGGED CHICK IN CRECHE,7,P/G,1,PA,,0,2018,1/11/2018,AL,,NA,11/1/2011,2263,
78,1718,M7,50416,1,75056,,CROZ,M,7,50416_1,PA+,2E,CR2,G,1/3/2018,PA+,PA+,1/11/2018,50416,UB,FISHTAGGED CHICKS IN CRECHE,7,G,2,PA+,PA+,0,2018,1/3/2018,AL,UB ON. FLAG BURIED BY NEARBY NB NEST,NA,11/1/2011,2255,
79,1718,M7,50416,1,75100,,CROZ,M,7,50416_2,PA+,2E,CR2,G,1/3/2018,PA+,PA+,1/11/2018,50416,UB,FISHTAGGED CHICKS IN CRECHE,7,G,2,PA+,PA+,0,2018,1/3/2018,AL,UB ON. FLAG BURIED BY NEARBY NB NEST,NA,11/1/2011,2255,
80,1718,M7,50625,1,75052,,CROZ,M,7,50625_1,PA,1E,CR1,CR,1/11/2018,PA+,,1/11/2018,50625,UB,FISHTAGGED CHICK IN CRECHE,7,P/G,1,PA,,0,2018,1/7/2018,AL,GDR LEG LOOKS GOOD,NA,11/1/2011,2259,
81,1718,M2,46408,1,75080,,CROZ,M,2,46408_1,PA,2E,CR2,P/S,11/14/2017,PA,PA,1/15/2018,46408,UB,FISH TAGGED CHICKS,2,G,2,PA,MEL,0,2018,1/11/2018,VM,UB ON,NA,11/1/2011,2263,
82,1718,M2,46408,1,75073,,CROZ,M,2,46408_2,MEL,2E,CR2,P/S,11/14/2017,PA,PA,1/15/2018,46408,UB,FISH TAGGED CHICKS,2,G,2,PA,MEL,0,2018,1/11/2018,VM,UB ON,NA,11/1/2011,2263,
83,1718,M2,46478,1,75077,,CROZ,M,2,46478_1,PA+,8E,CR1,CR,1/15/2018,PA+,,1/11/2018,46478,UB,FISHTAGGED CHICK,2,G,1,PA+,,5,2018,1/7/2018,VM,,NA,11/1/2011,2259,
84,1718,M2,72814,1,75071,,CROZ,M,2,72814_1,PA+,1E,CR2,CR,1/19/2018,PA+,PA+,1/7/2018,72814,UB,FISH TAGGED CHICKS,8,G,2,PA+,PA+,0,2018,1/5/2018,AL,DEPLOYED GDR 1706101 TODAY,NA,11/1/2011,2257,
85,1718,M2,72814,1,75075,,CROZ,M,2,72814_2,PA+,1E,CR2,CR,1/19/2018,PA+,PA+,1/7/2018,72814,UB,FISH TAGGED CHICKS,8,G,2,PA+,PA+,0,2018,1/5/2018,AL,DEPLOYED GDR 1706101 TODAY,NA,11/1/2011,2257,
86,1718,M2,72829,1,75090,,CROZ,M,2,72829_1,PA,1E,CR1,CR,1/19/2018,PA+,,1/11/2018,72829,UB,FISH TAGGED CHICKS,2,G,1,PA,,4,2018,1/7/2018,VM,,NA,11/1/2011,2259,
87,1718,M38,71373,1,75072,,CROZ,M,38,71373_1,PA,2E,CR1,CR,1/11/2018,PA+,,1/11/2018,71373,UB,FISHTAGGED CHICK,38,G,1,PA,,1,2018,1/7/2018,VM,,NA,11/1/2011,2259,
88,1718,LCITY,71817,1,75079,,CROZ,L,LCITY,71817_1,PA+,2E,CR1,CR,1/19/2018,PA+,,1/16/2018,71817,UB,FISH TAGGED CHICK,,G,1,PA+,,0,2018,1/10/2018,VM,FISH TAGGED CHICK,NA,11/1/2011,2262,
89,1718,LISL,45981,1,75082,,CROZ,L,LISL,45981_1,PA,2E,CR1,CR,1/19/2018,PA+,,1/10/2018,45981,UB,FISH TAGGED CHICK,,G,1,PA,,1,2018,1/6/2018,VM,,NA,11/1/2011,2258,
90,1718,L,71164,0,NA,not found,CROZ,L,NA,71164_2,MEL,2E,CR2,CR,1/10/2018,PA,PA+,1/7/2018,71164,UB,FISH TAGGED CHICKS,,BR,2,MEL,MEL,1,2018,1/1/2018,VM,,NA,11/1/2011,2253,
91,1718,L,71164,1,75095,,CROZ,L,NA,71164_1,MEL,2E,CR2,CR,1/10/2018,PA,PA+,1/7/2018,71164,UB,FISH TAGGED CHICKS,,BR,2,MEL,MEL,1,2018,1/1/2018,VM,,NA,11/1/2011,2253,
92,1718,L,49455,1,75089,,CROZ,L,L,49455_1,PA+,1E,CR1,CR,1/19/2018,PA+,,1/16/2018,49455,UB,FISH TAGGED CHICK,,G,1,PA+,,3,2018,1/10/2018,VM,FISH TAGGED CHICK,NA,11/1/2011,2262,
93,1718,M34/35,69936,1,75074,,CROZ,M,33-35,69936_1,PA,1E,CR2,CR,1/19/2018,PA+,PA+,1/11/2018,69936,UB,FISHTAGGED CHICKS IN CRECHE,34/35,G,2,PA,MEL,0,2018,1/3/2018,AL,UB ON,NA,11/1/2011,2255,
94,1718,M34/35,69936,1,75081,,CROZ,M,33-35,69936_2,MEL,1E,CR2,CR,1/19/2018,PA+,PA+,1/11/2018,69936,UB,FISHTAGGED CHICKS IN CRECHE,34/35,G,2,PA,MEL,0,2018,1/3/2018,AL,UB ON,NA,11/1/2011,2255,
95,1718,M8,50229,1,75087,,CROZ,M,8,50229_1,PA+,1E,CR1,CR,1/11/2018,PA+,,1/11/2018,50229,UB,FISHTAGGED CHICK IN CRECHE,8,G,1,PA+,,0,2018,1/3/2018,AL,UB ON,NA,11/1/2011,2255,
96,1718,M8,47367,1,75086,,CROZ,M,8,47367_1,PA+,1E,CR1,CR,1/15/2018,PA,,1/15/2018,47367,UB,FISHTAGGED CHICK IN CRECHE,8,G,1,PA+,,1,2018,1/7/2018,AL,FT CHICK,NA,11/1/2011,2259,
97,1718,M8,51055,1,75083,,CROZ,M,8,51055_1,PA+,1E,CR1,CR,1/15/2018,PA+,,1/15/2018,51055,UB,FISHTAGGED CHICK IN CRECHE,8,G,1,PA+,,0,2018,1/11/2018,AL,,NA,11/1/2011,2263,
98,1718,M5A,46249,1,75062,,CROZ,M,5A,46249_1,MEL,2E,CR1,CR,1/19/2018,PA+,,1/11/2018,46249,UB,FISH TAGGED CHICK RECAPT FROM CR AND BANDED. PA+ >2KG,5A,BR,1,MEL,,0,2018,1/3/2018,SW,,NA,11/1/2011,2255,
99,1718,M3,72034,1,75065,,CROZ,M,3,72034_1,PA+,2E,CR2,CR,1/11/2018,PA+,PA+,1/11/2018,72034,UB,FISHTAGGED CHICKS,3,G,2,PA+,PA,0,2018,1/7/2018,SW,BOTH FISHTAGS SEEN,NA,11/1/2011,2259,
100,1718,M3,72034,1,75068,,CROZ,M,3,72034_2,PA,2E,CR2,CR,1/11/2018,PA+,PA+,1/11/2018,72034,UB,FISHTAGGED CHICKS,3,G,2,PA+,PA,0,2018,1/7/2018,SW,BOTH FISHTAGS SEEN,NA,11/1/2011,2259,
101,1718,M3,72069,0,NA,too small to band,CROZ,M,3,72069_2,PA,8E,CR2,CR,1/12/2018,PA+,PA+,1/12/2018,72069,UB,FISHTAGGED CHICKS,3,P/G,2,PA+,PA,0,2018,1/7/2018,SW,BOTH FISH TAGS SEEN,NA,11/1/2011,2259,
102,1718,M3,72069,1,75070,,CROZ,M,3,72069_1,PA+,8E,CR2,CR,1/12/2018,PA+,PA+,1/12/2018,72069,UB,FISHTAGGED CHICKS,3,P/G,2,PA+,PA,0,2018,1/7/2018,SW,BOTH FISH TAGS SEEN,NA,11/1/2011,2259,
103,1718,M3,50171,1,75053,,CROZ,M,3,50171_1,PA,2E,CR2,CR,1/19/2018,,,1/11/2018,50171,UB,BOTH FISH TAGGED CHICKS RECAPT FROM CR AND BANDED. 2 PA+ >2KG,3,G,2,PA,PA,0,2018,1/7/2018,SW,BOTH FISH TAGS SEEN. CRECHE NEAR,NA,11/1/2011,2259,
104,1718,M3,50171,1,75069,,CROZ,M,3,50171_2,PA,2E,CR2,CR,1/19/2018,,,1/11/2018,50171,UB,BOTH FISH TAGGED CHICKS RECAPT FROM CR AND BANDED. 2 PA+ >2KG,3,G,2,PA,PA,0,2018,1/7/2018,SW,BOTH FISH TAGS SEEN. CRECHE NEAR,NA,11/1/2011,2259,
105,1718,M39,71816,1,75094,,CROZ,M,39-40,75094_1,MEL,2E,CR1,CR,1/15/2018,PA+,,1/3/2018,71816,UB,FISHTAGGED CHICK,39,BR,8,MEL,,1,2017,12/30/2017,SW,RSO,NA,11/1/2011,2251,
106,1718,M3A,43907,1,75060,,CROZ,M,3A,43907_1,MEL,1E,CR2,CR,1/19/2018,,,1/11/2018,43907,UB,FISH TAGGED CHICKS RE-CAPTURED FROM CR AND BANDED. BOTH PA+ >2KG,3A,BR,2,MEL,GF,3,2018,1/3/2018,SW,UB ON,NA,11/1/2011,2255,
107,1718,M3A,43907,1,75057,,CROZ,M,3A,43907_2,GF,1E,CR2,CR,1/19/2018,,,1/11/2018,43907,UB,FISH TAGGED CHICKS RE-CAPTURED FROM CR AND BANDED. BOTH PA+ >2KG,3A,BR,2,MEL,GF,3,2018,1/3/2018,SW,UB ON,NA,11/1/2011,2255,
108,1718,M4A,46311,0,NA,not found,CROZ,M,4A,46311_2,GF,1E,CR2,CR,1/11/2018,PA+,PA,1/7/2018,46311,UB,BOTH FISH TAGGED CHICKS SEEN IN CR NEAR NEST.,4A,BR,2,MEL,GF,2,2018,1/3/2018,SW,FISH TAGS SEEN,NA,11/1/2011,2255,
109,1718,M4A,46311,1,75092,,CROZ,M,4A,46311_1,MEL,1E,CR2,CR,1/11/2018,PA+,PA,1/7/2018,46311,UB,BOTH FISH TAGGED CHICKS SEEN IN CR NEAR NEST.,4A,BR,2,MEL,GF,2,2018,1/3/2018,SW,FISH TAGS SEEN,NA,11/1/2011,2255,
110,1718,MWB2,71903,1,75093,,CROZ,M,WB2,71903_1,GF,2E,CR2,CR,1/11/2018,PA+,PA+,1/3/2018,71903,UB,FISHTAGGED CHICKS,WB2,BR,1,GF,OR,2,2017,12/26/2017,SW,UB ON,NA,11/1/2011,2251,"last record with chx size given GF and OR on 12-26, ONE BR STILL ON 12/30 NO SIZE"
111,1718,MWB2,71903,1,75064,,CROZ,M,WB2,71903_2,OR,2E,CR2,CR,1/11/2018,PA+,PA+,1/3/2018,71903,UB,FISHTAGGED CHICKS,WB2,BR,1,GF,OR,2,2017,12/26/2017,SW,UB ON,NA,11/1/2011,2251,"last record with chx size given GF and OR on 12-26, ONE BR STILL ON 12/30 NO SIZE"
112,1718,MWB2,71808,1,75067,,CROZ,M,WB2,71808_1,MEL,1E,CR1,CR,1/15/2018,PA+,,1/11/2018,71808,UB,FISHTAGGED CHICK,WB2,G,1,MEL,,7,2018,1/3/2018,SW,UB ON,NA,11/1/2011,2255,
113,1718,M7,48431,0,NA,not found,CROZ,M,7,48431_1,PA,8E,CR1,CR,1/7/2018,PA+,,1/7/2018,48431,UB,FISHTAGGED CHICK IN CRECHE,7,G,1,PA,,0,2018,1/11/2018,AL,GDR LEG LOOKS GOOD,NA,11/1/2011,2263,
114,1718,N,48978,0,NA,too small to band,CROZ,N,NA,48978_1,PA,1E,CR2,CR,1/19/2018,PA,PA,1/16/2018,48978,UB,BOTH FISH TAG CHICKS CRECHED AND BANDED.,,BR,2,PA,PA,0,2018,1/12/2018,AL,DEPLOYED GDR 1706008 TODAY.,NA,11/1/2011,2264,
115,1718,N,48978,0,NA,too small to band,CROZ,N,NA,48978_2,PA,1E,CR2,CR,1/19/2018,PA,PA,1/16/2018,48978,UB,BOTH FISH TAG CHICKS CRECHED AND BANDED.,,BR,2,PA,PA,0,2018,1/12/2018,AL,DEPLOYED GDR 1706008 TODAY.,NA,11/1/2011,2264,
116,1819,M2,46408,0,NA,too small to band,CROZ,M,2,46408_1,PA,8E,CR2,CR,1/6/2019,MEL,,1/6/2019,46408,UB,FT SEEN,2,G,2,PA,MEL,0,2019,1/4/2019,VM,"FT:376, 377",NA,11/1/2011,2621,
117,1819,M2,46408,0,NA,too small to band,CROZ,M,2,46408_2,MEL,8E,CR2,CR,1/6/2019,MEL,,1/6/2019,46408,UB,FT SEEN,2,G,2,PA,MEL,0,2019,1/4/2019,VM,"FT:376, 377",NA,11/1/2011,2621,
118,1819,M3,51069,1,75624,,CROZ,M,3,51069_1,MEL,1E,CR1,CR,1/4/2019,PA,,1/4/2019,51069,UB,FT SEEN,3,BR,1,MEL,,0,2018,12/31/2018,KS,,NA,11/1/2011,2617,
119,1819,L,71865,1,75646,,CROZ,L,NA,71865_1,MEL,2E,CR1,CR,1/11/2019,MEL,,1/6/2019,71865,UB,FT SEEN,,BR,1,MEL,,0,2019,1/4/2019,VM,UB ON,NA,11/1/2011,2621,
120,1819,L,65553,1,75642,,CROZ,L,NA,65553_1,MEL,1E,CR1,CR,1/4/2019,PA,,1/4/2019,65553,UB,FT SEEN,,BR,1,MEL,,0,2019,1/2/2019,KS,"UB, FISH TAGGED CHICK",NA,11/1/2011,2619,
121,1819,N,49990,1,75607,,CROZ,N,NA,49990_1,MEL,2E,CR1,G,12/29/2018,MEL,,12/29/2018,49990,UB,FT CH,,G,1,MEL,,1,2018,12/29/2018,VM,UB ON. FISH TAGGED TODAY: 381,NA,11/1/2011,2615,
123,1819,M3,66001,0,NA,too small to band,CROZ,M,3,66001_1,OR,1E,CR1,CR,1/4/2019,MEL,,1/4/2019,66001,UB,FT SEEN,3,BR,1,OR,,0,2018,12/31/2018,KS,"UB BNS, FISHTAGGED: 382",NA,11/1/2011,2617,
124,1819,M4A,65462,0,NA,"dead, FT found removed",CROZ,M,4A,65462_1,OR,8E,FAIL,BR,1/4/2019,OR,,1/6/2019,65462,UB,"FOUND DEAD FT CH OUTSIDE NEST, LOOKS KILLED BY SKUA",4A,BR,1,OR,,0,2019,1/4/2019,KS,UB,NA,11/1/2011,2621,
125,1819,M39,71816,0,NA,dead? FT not found,CROZ,M,39-40,71816_1,GF,1E,FAIL,BR,1/6/2019,GF,GF,1/8/2019,71816,UB,"NEVER SAW FT OUTSIDE NEST, BB STD AT FLAG ALONE AND CLEAN FOR MULTIPLE DAYS",39,BR,2,GF,GF,0,2019,1/6/2019,KS,,NA,11/1/2011,2623,
126,1819,M39,71816,0,NA,dead? FT not found,CROZ,M,39-40,71816_2,GF,1E,FAIL,BR,1/6/2019,GF,GF,1/8/2019,71816,UB,"NEVER SAW FT OUTSIDE NEST, BB STD AT FLAG ALONE AND CLEAN FOR MULTIPLE DAYS",39,BR,2,GF,GF,0,2019,1/6/2019,KS,,NA,11/1/2011,2623,
127,1819,M2,71475,0,NA,dead? FT not found,CROZ,M,2,71475_1,MEL,8E,CR1,CR,1/6/2019,PA,,1/6/2019,71475,UB,FT SEEN,2,BR,1,MEL,,0,2019,1/4/2019,VM,UB ON. FT:386,NA,11/1/2011,2621,
128,1819,M1A,32189,1,75614,,CROZ,M,1A,32189_1,PA,2E,CR1,CR,1/8/2019,PA,,1/18/2019,32189,UB,FTC SEEN,1A,BR,1,PA,,0,2019,1/6/2019,AV,FISH TAGGED CHICK SEEN,NA,11/1/2011,2623,
129,1819,M9-10,32204,1,75611,,CROZ,M,9-10,32204_1,GF,1E,CR1,CR,1/6/2019,,,1/6/2019,32204,UB,FTC SEEN,9-10,BR,1,GF,,3,2019,1/4/2019,AV,"WITH MATE, SAW FISH TAGGED CHICK. UB ON",NA,11/1/2011,2621,
130,1819,L,70213,0,NA,too small to band,CROZ,L,LBCH,70213_1,MEL,2E,CR1,CR,1/11/2019,GF,,1/11/2019,70213,UB,FT SEEN,,G,1,MEL,,0,2019,1/8/2019,VM,,NA,11/1/2011,2625,
131,1819,B,70449,0,NA,dead? FT not found,CROZ,B,NA,70449_1,GF,1E,FAIL,BR,1/11/2019,GF,,1/16/2019,70449,UB,,,BR,1,GF,,0,2019,1/11/2019,VM,UB ON. FISH TAGGED TODAY:390,NA,11/1/2011,2628,
132,1819,M39,50995,1,75631,,CROZ,M,39-40,50995_1,MEL,1E,CR1,CR,12/31/2018,PA,,12/31/2018,50995,UB,FT SEEN,39,BR,1,MEL,,3,2018,12/28/2018,KS,"FISH TAGGED CHICK - 426, UB",NA,11/1/2011,2614,
133,1819,M3,69757,1,75628,,CROZ,M,3,69757_1,GF,8E,CR1,CR,1/4/2019,MEL,,1/4/2019,69757,UB,FT SEEN,3,BR,1,GF,,0,2018,12/31/2018,KS,,NA,11/1/2011,2617,
134,1819,E,46645,0,NA,flipper too small to band,CROZ,E,NA,46645_1,PA,1E,CR1,BR,1/4/2019,PA,,1/6/2019,46645,UB,FT SEEN,,BR,1,PA,,0,2019,1/4/2019,VM,FEEDING THE CHICK. FT: 661,NA,11/1/2011,2621,
136,1819,L,49455,1,75639,,CROZ,L,NA,49455_1,MEL,1E,CR1,CR,1/4/2019,PA+,,1/4/2019,49455,UB,FT SEEN,,BR,1,MEL,,0,2019,1/2/2019,KS,UB,NA,11/1/2011,2619,
137,1819,M38,51053,1,75610,,CROZ,M,38,51053_1,PA,8E,CR1,CR,1/11/2019,PA,,1/8/2019,51053,UB,FT SEEN,38,BR,1,PA,,0,2019,1/6/2019,VM,UB ON,NA,11/1/2011,2623,
138,1819,M2,46279,1,75608,,CROZ,M,2,46279_1,MEL,2E,CR1,CR,1/4/2019,PA,,1/4/2019,46279,UB,FT SEEN,2,BR,1,MEL,,0,2018,12/31/2018,VM,,NA,11/1/2011,2617,
139,1819,M2,32159,1,75602,,CROZ,M,2,32159_1,PA,2E,CR1,BR,12/31/2018,PA,,1/4/2019,32159,UB,1 CH IN CR BECAUSE FT SEEN,2,BR,1,PA,,0,2018,12/31/2018,VM,,NA,11/1/2011,2617,
140,1819,M1,62155,1,75613,,CROZ,M,1,62155_1,PA,8E,CR1,CR,1/4/2019,PA,,1/4/2019,62155,UB,FT SEEN,1,G,1,PA,,0,2018,12/31/2018,VM,UB ON,NA,11/1/2011,2617,
141,1819,M2,71632,1,75637,,CROZ,M,2,71632_1,MEL,1E,CR2,CR,1/6/2019,PA,PA,12/31/2018,71632,UB,FT SEEN,2,G,2,MEL,MEL,3,2018,12/28/2018,VM,UB ON. FISH TAGGED TODAY:667 AND 668,NA,11/1/2011,2614,
143,1819,M2,71632,1,75626,,CROZ,M,2,71632_2,MEL,1E,CR2,CR,1/6/2019,PA,PA,12/31/2018,71632,UB,FT SEEN,2,G,2,MEL,MEL,3,2018,12/28/2018,VM,UB ON. FISH TAGGED TODAY:667 AND 668,NA,11/1/2011,2614,
145,1819,M23,51491,1,75955,,CROZ,M,23,51491_1,MEL,2E,CR1,CR,1/4/2019,PA,,1/4/2019,51491,UB,FTC SEEN,23,BR,2,MEL,MEL,2,2018,12/31/2018,AV,,NA,11/1/2011,2617,
146,1819,M23,51491,0,NA,dead?,CROZ,M,23,51491_2,MEL,2E,CR1,CR,1/4/2019,PA,,1/4/2019,51491,UB,FTC SEEN,23,BR,2,MEL,MEL,2,2018,12/31/2018,AV,,NA,11/1/2011,2617,
147,1819,M16-22,46133,1,75746,,CROZ,M,16-22,46133_1,PA,1E,CR1,CR,1/8/2019,PA+,,1/8/2019,46133,UB,FTC SEEN,16-22,G,1,PA,,0,2019,1/4/2019,AV,FISH TAGGED CHICK SEEN.,NA,11/1/2011,2621,
148,1819,M2,62335,1,75618,,CROZ,M,2,62335_1,MEL,8E,CR1,CR,1/4/2019,PA,,1/4/2019,62335,UB,FT SEEN,2,BR,1,MEL,,1,2018,12/31/2018,VM,UB ON,NA,11/1/2011,2617,
149,1819,M7,50416,1,76001,,CROZ,M,7,50416_1,PA,2E,CR2,CR,1/4/2019,PA,PA,1/4/2019,50416,UB,FT CHX,7,G,2,PA,GF,0,2018,12/31/2018,MLE,FT SEEN,NA,11/1/2011,2617,
150,1819,M7,50416,1,76003,,CROZ,M,7,50416_2,GF,2E,CR2,CR,1/4/2019,PA,PA,1/4/2019,50416,UB,FT CHX,7,G,2,PA,GF,0,2018,12/31/2018,MLE,FT SEEN,NA,11/1/2011,2617,
151,1819,M34/35,69936,1,76014,,CROZ,M,33-35,69936_1,GF,2E,CR8,CR,1/4/2019,PA,,1/4/2019,69936,UB,"FT CHX, ONLY ONE SEEN",34-35,BR,2,GF,OR,0,2018,12/28/2018,MLE,"UB ON, FT CHX 926 AND 927 TODAY",NA,11/1/2011,2614,
152,1819,M34/35,69936,0,NA,dead?,CROZ,M,33-35,69936_2,OR,2E,CR8,CR,1/4/2019,PA,,1/4/2019,69936,UB,"FT CHX, ONLY ONE SEEN",34-35,BR,2,GF,OR,0,2018,12/28/2018,MLE,"UB ON, FT CHX 926 AND 927 TODAY",NA,11/1/2011,2614,
153,1819,M17,70164,1,75603,,CROZ,M,17,70164_1,MEL,2E,CR1?,CR,1/2/2019,,,1/2/2019,70164,UB,ASSUMED CR BASED ON CH SIZE; FTC NOT SEEN POST CR,17,BR,1,MEL,,4,2018,12/31/2018,AV,,NA,11/1/2011,2617,
154,1819,M6,69785,1,76046,,CROZ,M,6,69785_1,MEL,1E,CR1,CR,1/4/2019,,,1/4/2019,69785,UB,FT CH,6,G,1,MEL,,0,2018,12/31/2018,MLE,"STILL A WBN, FT SEEN",NA,11/1/2011,2617,
155,1819,M7,48431,1,76023,,CROZ,M,7,48431_1,MEL,2E,CR1,CR,12/31/2018,PA,,12/31/2018,48431,UB,FT CH,7,BR,1,MEL,,0,2018,12/29/2018,MLE,"UB ON, FT CH 930 TODAY",NA,11/1/2011,2615,
156,1819,M4A,72023,1,75622,,CROZ,M,4A,72023_1,GF,2E,CR1,CR1,12/31/2018,GF,,1/4/2019,72023,UB,"FT SEEN, FOUND ONE FT CH DEAD AND REMOVED FT FROM DEAD CH",4A,BR,2,GF,GF,0,2018,12/31/2018,KS,"FISH TAGGED CHICKS- 932; 933, UB BNS",NA,11/1/2011,2617,
157,1819,M4A,72023,0,NA,"dead, FT removed from a lemon",CROZ,M,4A,72023_2,GF,2E,CR1,CR1,12/31/2018,GF,,1/4/2019,72023,UB,"FT SEEN, FOUND ONE FT CH DEAD AND REMOVED FT FROM DEAD CH",4A,BR,2,GF,GF,0,2018,12/31/2018,KS,"FISH TAGGED CHICKS- 932; 933, UB BNS",NA,11/1/2011,2617,
158,1819,B,48840,1,75601,,CROZ,B,NA,48840_1,MEL,2E,CR1,CR,1/4/2019,MEL,,1/4/2019,48840,UB,FT CH,,BR,8,MEL,,0,2019,1/2/2019,MLE,CAN'T SEE FT,NA,11/1/2011,2619,
159,1819,M7,50625,1,76013,,CROZ,M,7,50625_1,PA,1E,CR1,CR,1/16/2019,PA,,1/16/2019,50625,UB,FT CH,7,P/G,1,PA,,0,2019,1/11/2019,MLE,FT SEEN,NA,11/1/2011,2628,
160,1920,m7,50416,1,76076,,CROZ,M,7,50416_1,PA,2E,CR2,G,1/7/2020,PA,PA,1/10/2020,50416,UB,BOTH FT CHICKS SEEN IN CRECHE AFTER,7,G,2,PA,PA,0,2020,1/7/2020,DJ,"BOTH CHX WITH FISH TAGS, ONE PA+",NA,11/1/2011,2989,
161,1920,m7,50416,1,76051,,CROZ,M,7,50416_2,PA,2E,CR2,G,1/7/2020,PA,PA,1/10/2020,50416,UB,BOTH FT CHICKS SEEN IN CRECHE AFTER,7,G,2,PA,PA,0,2020,1/7/2020,DJ,"BOTH CHX WITH FISH TAGS, ONE PA+",NA,11/1/2011,2989,
162,1920,l,71164,0,NA,probably FAIL; all CR in area so FT chick of the right size which was later found dead,CROZ,L,NA,71164_1,MEL,1E,UNK,BR,1/7/2020,MEL,,1/10/2019,71164,UB,"FLAG OUT, FT CHICK FROM ASSUMED NEST, UB RAN AWAY, CHICK FOUND DEAD LATER",,BR,1,MEL,,0,2020,1/7/2020,AL,FLAG IS OUT BUT WE NEEDED TO FT THE CHICK. WERE PRETTY SURE OF THE NEST SO WENT FOR IT (FT 416) BUT THE CHICK AND THE PARENT WOULDN'T RECOGNIZE EACH OTHER. CHICK WENT INTO A CRECHE. WILL MONITOR.,NA,11/1/2011,2989,
163,1920,m3,51069,1,76072,a runner,CROZ,M,3,51069_1,MEL,1E,CR2,BR,12/30/2019,MEL,GF,1/3/2020,51069,UB,"FT CHICKS, FT REMOVED ON 1/22 AND BANDED CHX (BOTH PA+ AND RUNNERS)",3,BR,2,MEL,GF,3,2019,12/30/2019,PL,"UB ON, FISHTAGGED CHICK - MEL IS 441 AND THE GF IS 440",NA,11/1/2011,2981,
164,1920,m3,51069,1,76071,,CROZ,M,3,51069_2,GF,1E,CR2,BR,12/30/2019,MEL,GF,1/3/2020,51069,UB,"FT CHICKS, FT REMOVED ON 1/22 AND BANDED CHX (BOTH PA+ AND RUNNERS)",3,BR,2,MEL,GF,3,2019,12/30/2019,PL,"UB ON, FISHTAGGED CHICK - MEL IS 441 AND THE GF IS 440",NA,11/1/2011,2981,
165,1920,m2,46478,0,NA,,CROZ,M,2,46478_2,MEL,1E,CR2,G,1/3/2020,MEL,MEL,1/7/2020,46478,UB,"BOTH FT CHX FOUND ON 1/22 1 TOO SMALL TO BAND, 500 G DIFFERENCE BT THE TWO CHX",2,G,2,MEL,MEL,5,2020,1/3/2020,MLE,FT SEEN NOT READ,NA,11/1/2011,2985,
166,1920,m2,46478,1,76114,,CROZ,M,2,46478_1,MEL,1E,CR2,G,1/3/2020,MEL,MEL,1/7/2020,46478,UB,"BOTH FT CHX FOUND ON 1/22 1 TOO SMALL TO BAND, 500 G DIFFERENCE BT THE TWO CHX",2,G,2,MEL,MEL,5,2020,1/3/2020,MLE,FT SEEN NOT READ,NA,11/1/2011,2985,
168,1920,m2,71632,1,76123,,CROZ,M,2,71632_1,MEL,2E,CR1,BR,1/3/2020,MEL,,1/7/2020,71632,UB,"FT CHICK SEEN IN CR, ONLY EVER ONE CHICK IN NEST",2,BR,1,MEL,,3,2020,1/3/2020,MLE,FT NOT SEEN,NA,11/1/2011,2985,
169,1920,m9-10,50945,1,76109,,CROZ,M,9-10,50945_1,GF,1E,CR2,CR,1/3/2020,GF,OR,1/3/2020,50945,UB,"CHX SIZE GIVEN FROM LAST BR CHECK, BB FED 2 FT PA+ ON 01/12",9-10,BR,2,GF,OR,5,2019,12/30/2019,MLE,,NA,11/1/2011,2981,
170,1920,m9-10,50945,0,NA,chick not found,CROZ,M,9-10,50945_2,OR,1E,CR2,CR,1/3/2020,GF,OR,1/3/2020,50945,UB,"CHX SIZE GIVEN FROM LAST BR CHECK, BB FED 2 FT PA+ ON 01/12",9-10,BR,2,GF,OR,5,2019,12/30/2019,MLE,,NA,11/1/2011,2981,
171,1920,m23,50395,1,76078,,CROZ,M,23,50395_1,GF,1E,CR2,BR,12/30/2019,GF,GF,1/3/2020,50395,UB,BOTH FT SEEN IN CR BUT ONLY ONE FOUND FOR BANDING.,23,BR,2,GF,GF,2,2019,12/30/2019,DJ,"UB ON, GF +",NA,11/1/2011,2981,
172,1920,m23,50395,0,NA,Chick not found,CROZ,M,23,50395_2,GF,1E,CR2,BR,12/30/2019,GF,GF,1/3/2020,50395,UB,BOTH FT SEEN IN CR BUT ONLY ONE FOUND FOR BANDING.,23,BR,2,GF,GF,2,2019,12/30/2019,DJ,"UB ON, GF +",NA,11/1/2011,2981,
173,1920,m23,51491,0,NA,Chick not found,CROZ,M,23,51491_1,GF,1E,CR2,BR,12/30/2019,GF,GF,1/3/2020,51491,UB,BOTH FT CHICKS SEEN IN CR BUT ONLY ONE FOUND FOR BANDING.,23,BR,2,GF,GF,4,2019,12/30/2019,DJ,"UB ON, GF+",NA,11/1/2011,2981,
174,1920,m23,51491,1,NA,Too small to band.,CROZ,M,23,51491_2,GF,1E,CR2,BR,12/30/2019,GF,GF,1/3/2020,51491,UB,BOTH FT CHICKS SEEN IN CR BUT ONLY ONE FOUND FOR BANDING.,23,BR,2,GF,GF,4,2019,12/30/2019,DJ,"UB ON, GF+",NA,11/1/2011,2981,
175,1920,m39-40,71816,1,NA,"flipper very small so no band, saw BB trying to feed while we were handling chick but appeared to circle back after we released to feed; using scale with +10",CROZ,M,39-40,71816_1,MEL,1E,CR1,BR,1/7/2020,MEL,,1/11/2020,71816,UB,"FT CHICKS, FT RM 01/23 BUT DID NOT BAND CHICK BECAUSE TOO SMALL",39-40,BR,1,MEL,,0,2020,1/7/2020,PL,"FISHTAGGED CHICK AS 395, UB ON",NA,11/1/2011,2989,
176,1920,m2,46408,1,76064,,CROZ,M,2,46408_1,MEL,1E,CR8,BR,1/7/2020,MEL,MEL,1/11/2020,46408,UB,"TOO MANY FT AROUND TO BE SURE WHO CR, ONLY 1 CH FOUND TO BAND ON 1/22 BUT CR SIZE",2,BR,2,MEL,MEL,0,2020,1/7/2020,MLE,"FT SEEN NOT READ, RSO",NA,11/1/2011,2989,
177,1920,m2,46408,0,NA,chick not found,CROZ,M,2,46408_2,MEL,1E,CR8,BR,1/7/2020,MEL,MEL,1/11/2020,46408,UB,"TOO MANY FT AROUND TO BE SURE WHO CR, ONLY 1 CH FOUND TO BAND ON 1/22 BUT CR SIZE",2,BR,2,MEL,MEL,0,2020,1/7/2020,MLE,"FT SEEN NOT READ, RSO",NA,11/1/2011,2989,
178,1920,m8,49842,1,76084,,CROZ,M,8,49842_1,GF,1E,CR1,BR,12/30/2019,GF,,1/3/2020,49842,UB,FT CHICK SEEN IN CRECHE AFTER (MELON),8,BR,1,GF,,7,2019,12/30/2019,DJ,GF+,NA,11/1/2011,2981,
179,1920,m1a,32189,1,76130,,CROZ,M,1A,32189_1,MEL,2E,CR1,CR,1/11/2020,MEL,,1/11/2020,32189,UB,FT CH PA+ ON 1/16,1A,BR,1,MEL,,0,2020,1/7/2020,MLE,"UB ON, BR TIGHT, CAN'T SEE FT",NA,11/1/2011,2989,
180,1920,l,71865,1,76054,,CROZ,L,NA,71865_1,MEL,2E,CR2,CR,1/5/2020,MEL,GF,1/5/2020,71865,UB,ONLY ONE CHICK FOUND AT BANDING,,BR,2,MEL,GF,4,2019,12/31/2019,PL,"SMALLER CHICK FT IS 443, COULDN'T READ THE OTHER ONE BUT SAW IT",NA,11/1/2011,2982,
181,1920,l,71865,0,NA,Chick not found,CROZ,L,NA,71865_2,GF,2E,CR2,CR,1/5/2020,MEL,GF,1/5/2020,71865,UB,ONLY ONE CHICK FOUND AT BANDING,,BR,2,MEL,GF,4,2019,12/31/2019,PL,"SMALLER CHICK FT IS 443, COULDN'T READ THE OTHER ONE BUT SAW IT",NA,11/1/2011,2982,
182,1920,m2,32159,0,NA,chick not found,CROZ,M,2,32159_1,GF,1E,CR8,G,1/7/2020,PA,GF,1/11/2020,32159,UB,"ONLY ONE CH EVER SEEN IN CR, 1 FT REMOVED 1/22, GF SEEMED TO BE SHRINKING, LIKELY JUST CR1",2,G,2,PA,GF,0,2020,1/7/2020,MLE,"UB ON, 2 FT SEEN NOT READ, PA GOOD BUT GF SHRINKING?",NA,11/1/2011,2989,
183,1920,m2,32159,1,76128,,CROZ,M,2,32159_2,PA,1E,CR8,G,1/7/2020,PA,GF,1/11/2020,32159,UB,"ONLY ONE CH EVER SEEN IN CR, 1 FT REMOVED 1/22, GF SEEMED TO BE SHRINKING, LIKELY JUST CR1",2,G,2,PA,GF,0,2020,1/7/2020,MLE,"UB ON, 2 FT SEEN NOT READ, PA GOOD BUT GF SHRINKING?",NA,11/1/2011,2989,
184,1920,m1,62335,0,NA,chick not found,CROZ,M,2,62335_1,GF,2E,FAIL,BR,1/13/2020,GF,,1/16/2020,62335,UB,FT CH NEVER SEEN IN CR AND DID NOT FIND TO REMOVE,2,BR,1,GF,,0,2020,1/13/2020,MLE,"UB ON, FT CH TODAY #398",NA,11/1/2011,2995,
185,1920,m17,70164,1,76081,the cutest,CROZ,M,17,70164_1,MEL,1E,CR1,BR,1/11/2020,MEL,,1/16/2020,70164,UB,"FT CH FOUND AND BANDED 1/22, THE CUTEST CH THAT LIKED TO SPRINT AROUND",17,BR,1,MEL,,0,2020,1/11/2020,MLE,"UB ON FT SEEN NOT READ, ON WBN STILL TOO, SOMEHOW, CHAOS ALL AROUND",NA,11/1/2011,2993,
186,1920,l,71817,0,NA,chick not found,CROZ,L,LCITY,71817_1,GF,1E,CR2,BR,1/7/2020,GF,,1/10/2020,71817,UB,"FT CHX, COMPLICATED BAD PARENTING BY BB, SM CH CRECHED BEFORE GF. NEITHER FOUND BY 1/22 TO BAND",LCITY,BR,1,GF,,0,2020,1/7/2020,AL,"ONLY THE SMALLER CHICK IS BEING BROODED, IS THE OTHER ONE IN CRECHE? COULDN'T SEE THE FISHTAG.",NA,11/1/2011,2989,
187,1920,l,71817,0,NA,removed from dead chick in nest,CROZ,L,LCITY,71817_2,GF,1E,CR2,BR,1/7/2020,GF,,1/10/2020,71817,UB,"FT CHX, COMPLICATED BAD PARENTING BY BB, SM CH CRECHED BEFORE GF. NEITHER FOUND BY 1/22 TO BAND",LCITY,BR,1,GF,,0,2020,1/7/2020,AL,"ONLY THE SMALLER CHICK IS BEING BROODED, IS THE OTHER ONE IN CRECHE? COULDN'T SEE THE FISHTAG.",NA,11/1/2011,2989,
189,1920,m2,71475,1,76056,,CROZ,M,2,71475_1,MEL,8E,CR1,BR,1/3/2020,MEL,,1/7/2020,71475,UB,FT CHICK,2,BR,1,MEL,,3,2020,1/3/2020,MLE,FT SEEN NOT READ,NA,11/1/2011,2985,
190,1920,m7,50625,1,76055,,CROZ,M,7,50625_1,MEL,1E,CR1,BR,1/7/2020,MEL,GF,1/11/2020,50625,UB,MEL AND GF BEFORE EMPTY NEST.  ONLY ONE FT FOUND AND BANDED.  2ND CHICK ASSUME FAIL.,7,BR,2,MEL,GF,0,2020,1/7/2020,DJ,SMALL MELON,NA,11/1/2011,2989,
191,1920,m7,50625,0,NA,Chick not found,CROZ,M,7,50625_2,GF,1E,CR1,BR,1/7/2020,MEL,GF,1/11/2020,50625,UB,MEL AND GF BEFORE EMPTY NEST.  ONLY ONE FT FOUND AND BANDED.  2ND CHICK ASSUME FAIL.,7,BR,2,MEL,GF,0,2020,1/7/2020,DJ,SMALL MELON,NA,11/1/2011,2989,
192,1920,m33-35,69936,1,76095,,CROZ,M,33-35,69936_1,GF,1E,CR2,G,1/5/2020,GF,GF,1/7/2020,69936,UB,BOTH FT SEEN CR BUT ONLY ONE FOUND FOR BANDING.,33-35,G,2,GF,GF,0,2020,1/5/2020,DJ,2 FT CHX SEEN (BOTH GF+) AND ONE READ 437,NA,11/1/2011,2987,
193,1920,m33-35,69936,0,NA,Chick not found,CROZ,M,33-35,69936_2,GF,1E,CR2,G,1/5/2020,GF,GF,1/7/2020,69936,UB,BOTH FT SEEN CR BUT ONLY ONE FOUND FOR BANDING.,33-35,G,2,GF,GF,0,2020,1/5/2020,DJ,2 FT CHX SEEN (BOTH GF+) AND ONE READ 437,NA,11/1/2011,2987,
195,1920,b,70449,0,NA,chick not found,CROZ,B,NA,70449_1,GF,1E,CR1,CR,1/13/2020,MEL,,1/13/2020,70449,UB,"FT CH SEEN IN CR, 2ND FT CH DEAD IN NEST BEFORE CR",,BR,1,GF,,0,2020,1/11/2020,MLE,"UB ON, A GENEROUS GF PERHAPS, FT SEEN",NA,11/1/2011,2993,
196,1920,b,70449,0,NA,removed from dead chick in nest,CROZ,B,NA,70449_2,UND,1E,CR1,CR,1/13/2020,MEL,,1/13/2020,70449,UB,"FT CH SEEN IN CR, 2ND FT CH DEAD IN NEST BEFORE CR",,BR,1,GF,,0,2020,1/11/2020,MLE,"UB ON, A GENEROUS GF PERHAPS, FT SEEN",NA,11/1/2011,2993,
197,1920,m3,69757,0,NA,,CROZ,M,3,69757_1,GF,1E,FAIL,BR,1/16/2020,GF,,1/18/2020,69757,UB,,3,BR,1,GF,,0,2020,1/16/2020,PL,"BNR, STILL BROODING",NA,11/1/2011,2998,
198,1920,m31,69785,1,76053,,CROZ,M,31,69785_1,MEL,2E,CR1,G,1/3/2020,MEL,,1/7/2020,69785,UB,FT CHICK BANDED.,31,G,1,MEL,,2,2020,1/3/2020,DJ,"UB ON, FISH TAG SEEN",NA,11/1/2011,2985,
199,1213,NA,46943,1,NA,NA,CROZ,N,NA,46943_1,PA,8E,CR2,CR,1/21/2013,NA,NA,NA,46943,UB,BOTH FISH TAGGED CHICKS BANDED,,G,2,PA,PA,0,2013,1/9/2013,AV,>PINEAPPLE SIZE;  FISH TAGS SEEN ON CHICKS,154,11/1/2011,435,
200,1213,NA,47968,1,NA,NA,CROZ,M,8,47968_1,PA,2E,CR2,CR,1/14/2013,NA,NA,NA,47968,UB,BOTH FISH TAGGED CHICKS BANDED,8,G,2,PA,GF,0,2013,1/7/2013,ELP,"UB FEEDING CHASE WITH FISH TAGGED CHICKS, < PINEPPLE AND > GRAPEFRUIT",195,11/1/2011,433,
201,1213,NA,48643,1,NA,NA,CROZ,M,8,48643_1,PA,2E,CR2,CR,1/21/2013,NA,NA,NA,48643,UB,BOTH FISH TAGGED CHICKS BANDED,,G,2,PA,PA,0,2013,1/7/2013,ELP,UB. PINEAPPLE AND < PINEAPPLE,249,11/1/2011,433,
202,1213,NA,51218,1,NA,NA,CROZ,M,8,51218_1,MEL,1E,CR2,CR,1/22/2013,NA,NA,NA,51218,UB,BOTH FISH TAGGED CHICKS BANDED,,G,2,MEL,GF,0,2013,1/3/2013,ELP,UB. GRAPEFRUIT AND >> GRAPEFRUIT,465,11/1/2011,429,
203,1213,NA,42663,1,NA,NA,CROZ,QR,NA,42663_1,GF,1E,CR,CR1,1/13/2013,NA,NA,NA,42663,UB,"LARGE CHICK WAS FISH-TAGGED, THEN BANDED.",,BR,8,GF,,0,2013,1/6/2013,ELP,> GRAPEFRUIT. BNR; BIRD IS NERVOUS,46,11/1/2011,432,ONLY 1 CHICK
204,1213,NA,44567,1,NA,NA,CROZ,N,NA,44567_1,PA,2E,CR1,CR,2/1/2013,NA,NA,NA,44567,UB,1 FISH TAG CHICK FOUND DEAD. OTHER WAS 2400G ON 2/1,,G,2,PA,GF,0,2013,1/9/2013,AV,1 GRAPEFRUIT SIZE; 1 > PINEAPPLE SIZE; FISH TAGS SEEN ON CHICKS,83,11/1/2011,435,
205,1213,NA,46943,1,NA,NA,CROZ,N,NA,46943_2,PA,8E,CR2,CR,1/21/2013,NA,NA,NA,46943,UB,BOTH FISH TAGGED CHICKS BANDED,,G,2,PA,PA,0,2013,1/9/2013,AV,>PINEAPPLE SIZE;  FISH TAGS SEEN ON CHICKS,154,11/1/2011,435,
206,1213,NA,51573,1,NA,NA,CROZ,M,20,51573_1,MEL,2E,CR1,CR,1/21/2013,NA,NA,NA,51573,UB,FISH TAGGED CHICK BANDED,20,BR,1,MEL,,0,2013,1/7/2013,ELP,UB. >> GRAPEFRUIT,480,11/1/2011,433,ONLY 1 CHICK
207,1213,NA,47867,1,NA,NA,CROZ,M,24,47867_1,PA,1E,CR1,CR,1/21/2013,NA,NA,NA,47867,UB,FISH TAGGED CHICK BANDED,24,G,1,PA,,0,2013,1/11/2013,ELP,UB. 1 FISH TAGGED CHICK < PINEAPPLE,185,11/1/2011,437,ONLY 1 CHICK
208,1213,NA,48748,1,NA,NA,CROZ,M,16-22,48748_1,MEL,1E,CR1,CR,1/21/2013,NA,NA,NA,48748,UB,FISH TAGGED CHICK BANDED,,G,1,MEL,,0,2013,1/7/2013,ELP,"TAG IS OUT. CHICK IS ALMOST PINEAPPLE, FISHTAGGED. BNR",253,11/1/2011,433,ONLY 1 CHICK
209,1213,NA,44436,1,NA,NA,CROZ,M,12,44436_1,PA,2E,CR8,CR,1/21/2013,NA,NA,NA,44436,UB,FISH TAGGED CHICK BANDED,,G,2,PA,MEL,0,2013,1/10/2013,ELP,UB. PINEAPPLE AND >> GRAPEFRUIT,76,11/1/2011,436,
210,1213,NA,44739,1,NA,NA,CROZ,M,12,44739_1,PA,2E,CR8,CR,1/21/2013,NA,NA,NA,44739,UB,FISH TAGGED CHICK BANDED,12,G,1,PA,,0,2013,1/10/2013,ELP,UB. < PINEAPPLE,88,11/1/2011,436,second chick lost while BR didn't add 2nd chick record
211,1213,NA,47968,1,NA,NA,CROZ,M,8,47968_2,GF,2E,CR2,CR,1/14/2013,NA,NA,NA,47968,UB,BOTH FISH TAGGED CHICKS BANDED,8,G,2,PA,GF,0,2013,1/7/2013,ELP,"UB FEEDING CHASE WITH FISH TAGGED CHICKS, < PINEPPLE AND > GRAPEFRUIT",195,11/1/2011,433,
212,1213,NA,48643,1,NA,NA,CROZ,M,8,48643_2,PA,2E,CR2,CR,1/21/2013,NA,NA,NA,48643,UB,BOTH FISH TAGGED CHICKS BANDED,,G,2,PA,PA,0,2013,1/7/2013,ELP,UB. PINEAPPLE AND < PINEAPPLE,249,11/1/2011,433,
213,1213,NA,49528,1,NA,NA,CROZ,M,5A,49528_1,PA,2E,CR8,CR,1/22/2013,NA,NA,NA,49528,UB,"ONE FISH TAGGED CHICK BANDED, THE OTHER SCRAWNY BUT STILL ALIVE ON 2/1",,G,2,PA,GF,0,2013,1/7/2013,ELP,"BB WITH 2 F.T. CHICKS, < PINEAPPLE AND > GRAPEFRUIT",304,11/1/2011,433,"MM AND ELP SAME DAY, USING GF FOR CH2 FROM ELP; GF ALIVE ON 2-1 BUT BAND = N"
214,1213,NA,49528,0,NA,NA,CROZ,M,5A,49528_2,GF,2E,CR8,CR,1/22/2013,NA,NA,NA,49528,UB,"ONE FISH TAGGED CHICK BANDED, THE OTHER SCRAWNY BUT STILL ALIVE ON 2/1",,G,2,PA,PA,0,2013,1/7/2013,MM,"SEEN BANDED BIRD WITH TWO FT CH. 1 CH > PA, OTHER CH PA-SIZED.",305,11/1/2011,433,"MM AND ELP SAME DAY, USING GF FOR CH2 FROM ELP; GF ALIVE ON 2-1 BUT BAND = N"
215,1213,NA,51218,1,NA,NA,CROZ,M,8,51218_2,GF,1E,CR2,CR,1/22/2013,NA,NA,NA,51218,UB,BOTH FISH TAGGED CHICKS BANDED,,G,2,MEL,GF,0,2013,1/3/2013,ELP,UB. GRAPEFRUIT AND >> GRAPEFRUIT,465,11/1/2011,429,
216,1213,NA,44923,1,NA,NA,CROZ,M,7,44923_1,UND,1E,CR8,CR,1/22/2013,NA,NA,NA,44923,UB,"ONLY ONE FISH TAGGED CHICK BANDED, BUT THE OTHER ONE WAS LIKELY SEEN (AND NOT CAUGHT) IN EARLY FEB",NA,NA,NA,UND,UND,NA,NA,NA,NA,NA,NA,NA,NA,"fruit sizes only given once in CR, GF and MEL on 01-04"
217,1213,NA,43664,1,NA,NA,CROZ,M,8,43664_1,MEL,8E,CR1,CR,1/22/2013,NA,NA,NA,43664,UB,FISH TAGGED CHICK BANDED,,BR,1,MEL,,0,2013,1/7/2013,ELP,UB. >> GRAPEFRUIT,52,11/1/2011,433,ONLY 1 CHICK
218,1213,NA,48263,1,NA,NA,CROZ,M,8,48263_1,PA,1E,CR1,CR,1/22/2013,NA,NA,NA,48263,UB,FISH TAGGED CHICK BANDED,,G,1,PA,,0,2013,1/7/2013,ELP,RSO. PINEAPPLE IS FISH TAGGED,209,11/1/2011,433,ONLY 1 CHICK
219,1213,NA,47029,1,NA,NA,CROZ,M,19,47029_1,GF,2E,CR8,CR,1/22/2013,NA,NA,NA,47029,UB,"FISH TAGGED CHICK BANDED, BUT IT WAS SCRAWNY",19,BR,2,GF,OR,0,2013,1/7/2013,ELP,UB. GRAPEFRUIT AND APPLE,164,11/1/2011,433,2ND CHICK ADDED BUT PROBABLY DIDN'T CR
221,1213,NA,50833,1,NA,NA,CROZ,M,8,50833_1,MEL,2E,CR8,CR,1/22/2013,NA,NA,NA,50833,UB,FISH TAGGED CHICK BANDED,8,BR,2,PA,PA,0,2013,1/4/2013,MM,BOTH CH PA-SIZED.,421,11/1/2011,430,"ELP CALLED MEL ON 1-7, CH2 SKUAD 1-14, OR ON 1-3!"
222,1213,NA,46555,1,NA,NA,CROZ,M,4A,46555_1,PA,2E,CR8,CR,1/22/2013,NA,NA,NA,46555,UB,"1 FISH TAGGED CHICK BANDED, THE OTHER NOT FOUND, BUT IT WAS BIG AND CRECHED EARLY ON",,G,1,PA,,0,2013,1/4/2013,ELP,UB. PINEAPPLE SIZED FISH TAGGED CHICK AT NEST TAG,125,11/1/2011,430,"2 FT CHX in CR 1-08 PA and MEL, only PA given as last G statu 1-04s but potentially one already CR?"
227,1213,NA,46984,1,NA,NA,CROZ,E,NA,46984_1,GF,2E,CR8,CR,1/23/2013,NA,NA,NA,46984,UB,FISH TAGGED CHICK BANDED,,BR,1,GF,,0,2013,1/5/2013,MM,CH > GF.,156,11/1/2011,431,ONLY 1 CHICK
228,1213,NA,51198,1,NA,NA,CROZ,L,NA,51198_1,PA+,2E,CR1,CR,1/23/2013,NA,NA,NA,51198,UB,FISH TAGGED CHICK BANDED,,G,1,PA+,,0,2013,1/10/2013,AV,LARGER THAN PINEAPPLE SIZE,460,11/1/2011,436,
231,1213,NA,51042,1,NA,NA,CROZ,L,NA,51042_1,PA,1E,CR1,CR,1/23/2013,NA,NA,NA,51042,UB,FISH TAGGED CHICK BANDED,,G,1,PA,,0,2013,1/10/2013,AV,PA PREVIOUSLY -MLE FISH TAG CHICK SEEN,444,11/1/2011,436,"PA ON 1-7, ONLY 1 CHICK"
233,1213,NA,47861,0,NA,NA,CROZ,M,31,47861_1,GF,2E,FAIL,BR,12/31/2012,NA,NA,NA,47861,UB,DEAD FISH TAGGED CHICK FOUND IN NEST,NA,BR,1,GF,NA,NA,NA,12/31/2012,MM,< GF,NA,NA,NA,DEAD IN NEST
234,1213,NA,46746,0,NA,NA,CROZ,P,NA,46746_1,GF,2E,UNK,CR,1/8/2013,NA,NA,NA,46746,UB,FISH TAGGED CHICKS SEEN CRECHED ON 1/8 BUT THEN NOT AGAIN,NA,NA,NA,UND,UND,NA,2013,12/31/2012,NA,NA,NA,NA,NA,"last record with chx size given GF and GF on 12-31, added manually here"
237,1213,NA,62036,0,NA,NA,CROZ,M,12,62036_1,MEL,1E,UNK,G,1/10/2013,NA,NA,NA,62036,UB,"FISH TAGGED CHICK WAS A LITTLE UNDERSIZED, NOT FOUND ON DAY WE REMOVED FISH TAGS",,G,1,MEL,,0,2013,1/10/2013,ELP,RSO. CHICK IS 2 GRAPEFRUITS,505,11/1/2011,436,
238,1213,NA,51370,0,NA,NA,CROZ,M,14A,51370_1,GF,2E,FAIL,BR,1/7/2013,NA,NA,NA,51370,UB,SMALL FISH TAGGED CHICK NOT SEEN AFTER 1/07,,BR,8,GF,,0,2013,1/7/2013,ELP,UB. GRAPEFRUIT,473,11/1/2011,433,
241,1314,NA,44923,1,NA,NA,CROZ,M,7,44923_1,GF,2E,CR2,CR,1/17/2014,NA,NA,NA,44923,UB,"CHICKS FT'ED. BOTH SEEN IN CR ONCE, THEN ONLY 1 FOUND ON LATER CHECKS.",7,BR,2,GF,GF,0,2014,1/2/2014,MM,CHICKS GRAPEFRUIT SIZE,95,11/1/2011,793,
242,1314,NA,46335,1,NA,NA,CROZ,M,7,46335_1,GF,2E,CR2,CR,1/17/2014,NA,NA,NA,46335,UB,CHX FT'ED. BOTH SEEN IN CR,7,BR,2,GF,GF,0,2014,1/11/2014,MM,GRAPEFRUIT SIZE CHICKS,118,11/1/2011,802,
244,1314,NA,45124,1,65294,NA,CROZ,M,WB2,45124_1,PA,2E,CR2,CR,1/17/2014,NA,NA,NA,45124,UB,ACCEL/GROWTH STUDY. 2 CH FT'D AND SEEN IN CR. CH-B FOUND DEAD 1/11 AFTER CR.,WB2,G,2,PA,GF,0,2014,1/5/2014,AS,UB ON. FT CHX SEEN. GRAPEFRUIT (001/010) AND PINEAPPLE (001/011) SIZE,98,11/1/2011,796,1 CHICK DIED IN CRECHE
245,1314,NA,47594,1,65307,NA,CROZ,M,3,47594_1,PA,2E,CR2,CR,1/17/2014,NA,NA,NA,47594,UB,ACCEL/GROWTH STUDY. BOTH CH SEEN IN CR MULTIPLE TIMES BUT CH-B NOT SEEN AFTER 1/25 (CHECKED SEVERAL DAYS),3,G,2,PA,PA,0,2014,1/8/2014,AS,2 PINEAPPLE SIZE CHICKS. FT 101/010 AND 110/010,176,11/1/2011,799,BOTH SEEN ON 1/17
246,1314,NA,22716,1,65211,NA,CROZ,M,5,22716_1,PA,2E,CR8,CR,1/18/2014,NA,NA,NA,22716,UB,1 FT CH SEEN TWICE AFTER CR'ED,5,BR,2,PA,GF,0,2014,1/11/2014,MM,"ONE CHICK PINEAPPLE SIZE, THE OTHER GRAPEFRUIT SIZE",4,11/1/2011,802,ONLY 1 CHICK SEEN IN CR
248,1314,NA,31979,1,NA,NA,CROZ,M,4B,31979_1,MEL,1E,CR1,CR,1/17/2014,NA,NA,NA,31979,UB,"CH FT'ED, SEEN FEW TIMES IN CR.",4B,BR,1,MEL,,0,2014,1/8/2014,AS,UB ON MELON SIZE CHICK,6,11/1/2011,799,ONLY 1 CHICK
250,1314,NA,32429,1,NA,NA,CROZ,M,33-35,32429_1,GF,8E,CR1,CR,1/17/2014,NA,NA,NA,32429,UB,PROB ONLY EVER HAD 1E. CH FT'ED. SEEN MULTIPLE TIMES IN CR.,34/35,BR,1,GF,,0,2014,1/2/2014,MM,CHICK GRAPEFRUIT SIZE.,13,11/1/2011,793,ONLY 1 CHICK
251,1314,NA,32462,0,NA,NA,CROZ,M,14,32462_1,OR,1E,CR1,CR,1/12/2014,NA,NA,NA,32462,UB,GROWTH STUDY. CR CH MEASURED 1/12 BUT ONLY 500g. NOT FOUND AFTER- LIKELY DIED.,14,BR,1,OR,,0,2014,1/11/2014,AM,LARGE ORANGE SIZE CHICK,14,11/1/2011,802,
261,1314,NA,44923,0,NA,NA,CROZ,M,7,44923_2,GF,2E,CR2,CR,1/17/2014,NA,NA,NA,44923,UB,"CHICKS FT'ED. BOTH SEEN IN CR ONCE, THEN ONLY 1 FOUND ON LATER CHECKS.",7,BR,2,GF,GF,0,2014,1/2/2014,MM,CHICKS GRAPEFRUIT SIZE,95,11/1/2011,793,
262,1314,NA,45151,1,NA,NA,CROZ,L,NA,45151_1,PA,8E,CR1,CR,1/17/2014,NA,NA,NA,45151,UB,"ACCEL/GROWTH STUDY. CH SEEN IN CR SEVERAL TIMES, LAST ON 1/17.",,BR,1,PA,,4,2014,1/5/2014,AV,PINEAPPLE SIZE CHICK,100,11/1/2011,796,ONLY 1 CHICK
263,1314,NA,62012,1,NA,NA,CROZ,M,8,62012_1,MEL,2E,CR1,CR,1/17/2014,NA,NA,NA,62012,UB,"CH-A FT AND SEEN MULTIPLE TIMES IN CR. CH-B NOT FT, LAST SEEN 8 DAYS OLD",8,BR,2,MEL,,0,2014,1/5/2014,AS,UB ON. CHICK A SIZE OF SMALL MELON. COULDN'T GET SIZE ON CHICK B,486,11/1/2011,796,ONLY ONE CH FT
264,1314,NA,50761,1,NA,NA,CROZ,M,8,50761_1,MEL,2E,CR1,CR,1/17/2014,NA,NA,NA,50761,UB,CH FT AND SEEN IN CR MULTIPLE TIMES. MADE IT TO AT LEAST 28 DAYS OLD,8,BR,1,MEL,,0,2014,1/2/2014,AS,CHICK SIZE OF SMALL MELON,409,11/1/2011,793,
266,1314,NA,51583,1,NA,NA,CROZ,M,8,51583_1,PA,2E,CR1,CR,1/17/2014,NA,NA,NA,51583,UB,CH FT AND LAST SEEN IN CR 28 DAYS OLD AND 1/2 ADULT SIZE. EGG-B STILL IN NEST ~7 DAYS AFTER CH-A HAT,8,G,1,PA,,0,2014,1/5/2014,AS,UB ON. CH FISH TAGGED AND PINEAPPLE SIZE,485,11/1/2011,796,
267,1314,NA,45846,1,NA,NA,CROZ,L,NA,45846_1,PA,2E,CR1,CR,1/17/2014,NA,NA,NA,45846,UB,ACCEL/GROWTH STUDY. 1 CH LOST EARLY BR. OTHER CH SEEN MULTIPLE TIMES DURING CR,,BR,1,PA,,2,2014,1/5/2014,AV,PINEAPPLE SIZE CHICK,108,11/1/2011,796,1 CHICK DEAD EARLY
270,1314,NA,46335,1,NA,NA,CROZ,M,7,46335_2,GF,2E,CR2,CR,1/17/2014,NA,NA,NA,46335,UB,CHX FT'ED. BOTH SEEN IN CR,7,BR,2,GF,GF,0,2014,1/11/2014,MM,GRAPEFRUIT SIZE CHICKS,118,11/1/2011,802,
277,1314,NA,47010,1,NA,NA,CROZ,M,19,47010_1,PA,1E,CR1,CR,1/17/2014,NA,NA,NA,47010,UB,CH FT'ED. SEEN SEVERAL TIMES IN CR,19,BR,1,PA,,0,2014,1/8/2014,AM,PINEAPPLE SIZE CHICK,160,11/1/2011,799,
278,1314,NA,47029,1,65220,NA,CROZ,M,19,47029_1,GF,2E,CR1,CR,1/17/2014,NA,NA,NA,47029,UB,"1E/C LOST LATE INC OR EARLY BR. OTHER CH FT'ED, SEEN SEV TIMES IN CR. ALSO HAD NON-NATAL EGG BRIEFLY",19,G,1,GF,,0,2014,1/8/2014,AM,LARGE GRAPEFRUIT SIZE CHICK,166,11/1/2011,799,ONLY 1 CHICK
281,1314,NA,42118,1,NA,NA,CROZ,M,WB2,42118_1,MEL,1E,CR1,CR,1/17/2014,NA,NA,NA,42118,UB,FT CH SEEN IN CR MULTIPLE TIMES,WB2,BR,1,MEL,,0,2014,1/5/2014,AS,CH MELON SIZE,44,11/1/2011,796,ONLY 1 CHICK
282,1314,NA,43575,1,NA,NA,CROZ,M,4A,43575_1,GF,2E,CR1,CR,1/17/2014,NA,NA,NA,43575,UB,FT CH SEEN IN CR MULTIPLE TIMES,4A,BR,1,GF,,0,2014,1/11/2014,AS,UB ON. CH LARGE GRAPEFRUIT SIZE,49,11/1/2011,802,ONLY 1 CHICK
286,1314,NA,48000,1,NA,NA,CROZ,M,6A,48000_1,GF,1E,CR1,CR,1/17/2014,NA,NA,NA,48000,UB,ACCEL/GROWTH STUDY. CH SEEN SEV TIMES IN CR BUT EVENTUALLY FOUND DEAD 1/26,6A,BR,1,GF,,0,2014,1/5/2014,MM,GRAPEFRUIT SIZE CHICK,201,11/1/2011,796,SEEN IN CR 1/17
289,1314,NA,48445,1,65342,NA,CROZ,M,33,48445_1,PA,1E,CR1,CR,1/17/2014,NA,NA,NA,48445,UB,ACCEL/GROWTH STUDY. CH SEEN SEV. TIMES IN CR,33,G,1,PA,,0,2014,1/11/2014,AM,SMALL PINEAPPLE SIZE CHICK,232,11/1/2011,802,ONLY 1 CHICK
290,1314,NA,48391,1,NA,NA,CROZ,M,20,48391_1,GF,1E,CR1,CR,1/17/2014,NA,NA,NA,48391,UB,ACCEL/GROWTH STUDY. CH SEEN SEV. TIMES IN CR,20,BR,1,GF,,0,2014,1/5/2014,AM,GRAPEFRUIT SIZE CHICK,218,11/1/2011,796,ONLY 1 CHICK
292,1314,NA,48474,1,NA,NA,CROZ,M,14A,48474_1,GF,2E,CR8,CR,1/17/2014,NA,NA,NA,48474,UB,CHX FT'ED. 1 CH SEEN IN CR,14A,BR,2,GF,GF,0,2014,1/5/2014,AM,GRAPEFRUIT SIZE CHICKS,233,11/1/2011,796,ONLY ONE SEEN IN CR
294,1314,NA,48611,1,65320,NA,CROZ,M,19,48611_1,PA,1E,CR1,CR,1/14/2014,NA,NA,NA,48611,UB,ACCEL/GROWTH STUDY. CH SEEN SEV. TIMES IN CR,19,BR,1,PA,,0,2014,1/2/2014,AM,PINEAPPLE SIZE CHICK,245,11/1/2011,793,NOT FOUND ON 1/17
295,1314,NA,48748,1,65442,NA,CROZ,M,16-22,48748_1,PA,1C,CR1,CR,1/17/2014,NA,NA,NA,48748,UB,CH FT'ED. SEEN IN CR,16/22,BR,1,PA,,1,2014,1/5/2014,AM,SMALL PINEAPPLE SIZE CHICK,251,11/1/2011,796,
296,1314,NA,48783,1,65288,NA,CROZ,M,20,48783_1,PA,1E,CR1,CR,1/17/2014,NA,NA,NA,48783,UB,CH FT'ED. SEEN IN CR,20,G,1,PA,,0,2014,1/8/2014,AM,PINEAPPLE SIZE CHICK. CH FT'ED 1/6,258,11/1/2011,799,
302,1314,NA,49184,1,NA,NA,CROZ,M,32,49184_1,PA,1E,CR1,CR,1/14/2014,NA,NA,NA,49184,UB,CH FT'ED. SEEN IN CR,32,BR,1,GF,,0,2014,1/11/2014,AM,A GRAPEFRUIT AND A HALF SIZE CHICK,286,11/1/2011,802,
304,1314,NA,49336,1,65322,NA,CROZ,M,33-35,49336_1,GF,1E,CR1,CR,1/26/2014,NA,NA,NA,49336,UB,CH FT'ED. SEEN IN CR BUT ONLY ~1kg,34/35,BR,1,GF,,0,2014,1/5/2014,AM,GRAPEFRUIT SIZE CHICK,294,11/1/2011,796,
306,1314,NA,49575,1,NA,NA,CROZ,M,5,49575_1,MEL,2E,CR8,CR,1/14/2014,NA,NA,NA,49575,UB,"BIGGER CH FT'ED. SEEN IN CR. SMALLER CH TOO SMALL TO FT, LIKELY DIDN'T SURVIVE LONG EVEN IF MADE IT TO CR",5,BR,2,MEL,LEM,0,2014,1/8/2014,MM,FISHTAGGED LARGER CHICK. SMALL CHICK IS LEMON SIZE.,319,11/1/2011,799,ONLY LARGER CH FT
312,1314,NA,44211,0,NA,NA,CROZ,M,8,44211_1,GF,2E,FAIL?,BR,1/8/2014,NA,NA,NA,44211,UB,CH LAST SEEN 1/9 10 D.O. AND GRAPEFRUIT SIZE WHEN FT'D. FT CH NEVER SEEN AFTER 1/9.,8,BR,1,GF,,0,2014,1/8/2014,AS,CH GRAPEFRUIT SIZE,68,11/1/2011,799,
313,1314,NA,45124,0,NA,NA,CROZ,M,WB2,45124_2,GF,2E,CR2,CR,1/17/2014,NA,NA,NA,45124,UB,ACCEL/GROWTH STUDY. 2 CH FT'D AND SEEN IN CR. CH-B FOUND DEAD 1/11 AFTER CR.,WB2,G,2,PA,GF,0,2014,1/5/2014,AS,UB ON. FT CHX SEEN. GRAPEFRUIT (001/010) AND PINEAPPLE (001/011) SIZE,98,11/1/2011,796,1 CHICK DIED IN CRECHE
314,1314,NA,46581,1,NA,NA,CROZ,M,8,46581_1,GF,1C,CR1,CR,1/14/2014,NA,NA,NA,46581,UB,NEST FOUND WITH ONE LEMON SIZE CH. FT CH SEEN IN CR SEVERAL TIMES,8,BR,1,GF,,0,2014,1/2/2014,AS,CHICK SIZE OF LARGE GRAPEFRUIT,127,11/1/2011,793,"ONLY 1 CHICK, NOT FOUND ON THE 17TH"
318,1314,NA,50395,1,NA,NA,CROZ,M,23,50395_1,PA,1C,CR1,CR,1/17/2014,NA,NA,NA,50395,UB,CH FT'ED. SEEN IN CR. SLIGHTLY DODGY NESTCHECK DATA.,23,BR,1,PA,,3,2014,1/8/2014,AM,SMALL PINEAPPLE SIZE CHICK,392,11/1/2011,799,
319,1314,NA,50427,1,NA,NA,CROZ,M,5,50427_1,PA,8E,CR1,CR,1/17/2014,NA,NA,NA,50427,UB,"CH FT'ED, SEEN SEV. TIMES IN CR. PROB'LY ONLY EVER 1 E/C",5,BR,1,PA,,0,2014,1/5/2014,MM,SMALL PINEAPPLE SIZE CHICK. CHICK WAS FISHTAGGED. BAND ON ADULT WAS FIXED.,396,11/1/2011,796,
320,1314,NA,50625,1,NA,NA,CROZ,M,7,50625_1,PA,1E,CR1,CR,1/17/2014,NA,NA,NA,50625,UB,CH FT'ED. SEEN IN CR,7,BR,1,GF,,0,2014,1/5/2014,MM,GRAPEFRUIT SIZE CHICK,401,11/1/2011,796,
322,1314,NA,50696,1,65207,NA,CROZ,M,20,50696_1,PA,2E,CR1,CR,1/17/2014,NA,NA,NA,50696,UB,1E LOST. CH FT'ED AND SEEN IN CR,20,G,1,PA,,0,2014,1/11/2014,AM,PINEAPPLE SIZE CHICK,407,11/1/2011,802,
324,1314,m9-10,50781,0,NA,NA,CROZ,M,9-10,50781_1,GF,,UNK,BR,1/15/2014,NA,NA,NA,50781,UB,"ACCEL DEPL 1/2. BB SEEN ONCE BRIEFLY AFTER BUT COULDN'T RETR. CH CONTINUED TO GROW AND BE BR BY UB, BUT STILL <1kg WHEN LAST SEEN 1/14",9-10,BR,1,GF,,0,2014,1/15/2014,AM,GRAPEFRUIT AND A HALF SIZE CHICK,419,11/1/2011,806,"NEVER SEEN IN CR, NOT SURE FT"
325,1314,NA,46678,1,65274,NA,CROZ,M,4,46678_1,GF,2E,CR1,CR,1/17/2014,NA,NA,NA,46678,UB,ACCEL/GROWTH STUDY. FT CH-A SEEN IN CR MULTIPLE TIMES. CH-B FOUND DEAD IN NEST ON 12/27,4,G,1,GF,,0,2014,1/11/2014,AS,UB ON. FT CH (101/111) LARGE GRAPEFRUIT SIZE JUST OUTSIDE NEST,141,11/1/2011,802,CH2 DEAD IN NEST
326,1314,NA,47594,1,NA,NA,CROZ,M,3,47594_2,PA,2E,CR2,CR,1/17/2014,NA,NA,NA,47594,UB,ACCEL/GROWTH STUDY. BOTH CH SEEN IN CR MULTIPLE TIMES BUT CH-B NOT SEEN AFTER 1/25 (CHECKED SEVERAL DAYS),3,G,2,PA,PA,0,2014,1/8/2014,AS,2 PINEAPPLE SIZE CHICKS. FT 101/010 AND 110/010,176,11/1/2011,799,BOTH SEEN ON 1/17
327,1314,NA,48881,0,NA,NA,CROZ,M,3,48881_1,GF,8E,CR1,CR,1/11/2014,NA,NA,NA,48881,UB,LIKELY HAD 2 EGGS. 2 CH SEEN BEING BROODED ON  1/2. FT CH SEEN IN CR ONLY ONCE ~ 18 D.O. AND LARGE GRAPEFRUIT SIZE,3,BR,1,GF,,0,2014,1/8/2014,AS,BNR. GRAPEFRUIT SIZE CH,265,11/1/2011,799,ONLY SEEN IN CR 1/11
328,1314,NA,49472,1,NA,NA,CROZ,M,3,49472_1,GF,2E,CR1,CR,1/17/2014,NA,NA,NA,49472,UB,FT CH-A SEEN IN CR MULTIPLE TIMES. LAST SEEN PINEAPPLE SIZE AND 25 DO. CH-B LIKELY DEAD 1/5.,3,BR,1,GF,,0,2014,1/8/2014,AS,BNR. LARGE GRAPEFRUIT SIZE CHICK,301,11/1/2011,799,2ND CH DIED IN NEST
329,1314,NA,49670,1,NA,NA,CROZ,M,3,49670_1,GF,2E,CR1,CR,1/17/2014,NA,NA,NA,49670,UB,CH-B MISSING BEFORE FT'D. FT CH-A SEEN IN CR SEVERAL TIMES. LAST SEEN GRAPEFRUIT SIZE AT 25 DO. COULD NOT FIND FOR BANDING,3,BR,2,GF,OR,0,2014,1/8/2014,AS,1 GRAPEFRUIT AND 1 ORANGE SIZE CHICK. RSO,324,11/1/2011,799,ONLY LARGER CH FT
330,1314,NA,49766,1,NA,NA,CROZ,M,4B,49766_1,PA,1E,CR1,CR,1/17/2014,NA,NA,NA,49766,UB,FT CH SEEN MULTIPLE TIMES IN CR. LAST SEEN LARGE PINEAPPLE SIZE AT 29 DO. COULD NOT FIND FOR BANDING,4B,BR,1,PA,,0,2014,1/8/2014,AS,PINEAPPLE SIZE CH,331,11/1/2011,799,
331,1314,NA,49877,0,NA,NA,CROZ,M,4,49877_1,GF,1E,CR1?,BR,1/11/2014,NA,NA,NA,49877,UB,FT CH LAST SEEN 14 D.O. LARGE GRAPEFRUIT SIZE. NEVER SAW FT IN CR.,4,BR,1,GF,,0,2014,1/11/2014,AS,UB ON. LARGE GRAPFRUIT SIZE CH,340,11/1/2011,802,
332,1314,NA,50054,1,65382,NA,CROZ,M,3A,50054_1,MEL,2E,CR8,CR,1/17/2014,NA,NA,NA,50054,UB,ACCEL/GROWHT STUDY. FT CH-A SEEN IN CR MULTIPLE TIMES. CH-B LAST SEEN ~12 D.O. AND LARGE ORANGE SIZE. FT CH-B NEVER SEEN IN CR,3A,BR,2,MEL,OR,0,2014,1/5/2014,AS,CH A MELON SIZE. CH B LARGE ORANGE SIZE,366,11/1/2011,796,ONLY 1 CHICK SEEN IN CR
333,1314,NA,50151,1,65223,NA,,M,8,50151_1,GF,2E,CR2?,CR,1/27/2014,NA,NA,NA,50151,UB,"FT CH-A SEEN IN CR MULTIPLE TIMES, BANDED 65223. CH-B FOUND DEAD AT ~15 D.O. MAY HAVE CR THEN DIED.",8,BR,2,GF,OR,0,2014,1/8/2014,AS,1 GRAPEFRUIT AND 1 ORANGE SIZE CHICK,369,11/1/2011,799,
334,1314,NA,50198,1,NA,NA,CROZ,M,MIS,50198_1,GF,2E,CR1,CR,1/17/2014,NA,NA,NA,50198,UB,FT CH-A SEEN IN CR MULTIPLE TIMES. CH-B FOUND DEAD @ ~ 16 D.O. COULD NOT FIND CH-A FOR BANDING. BB SEEN STANDING AROUND LATE WITH NO CH,MIS,BR,2,GF,OR,0,2014,1/5/2014,AS,CH A LARGE GRAPEFRUIT SIZE. CH B SMALL ORANGE SIZE,374,11/1/2011,796,
336,1314,NA,50236,0,NA,NA,CROZ,M,3,50236_1,GF,2C,CR1?,G?,1/11/2014,NA,NA,NA,50236,UB,CH-B GONE AFTER ~ 10 DAYS. FT CH-A MAY HAVE CR BUT NEVER SAY FT IN CR. BB SEEN AT NEST ALONE TWICE  AFTER CH-A LAST SEEN.,3,BR,1,GF,,0,2014,1/8/2014,AS,BNR. SM GRAPEFRUIT SIZE CH.,379,11/1/2011,799,"2ND CHICK LOST EARLY, 1 CH CR THEN FAIL"
338,1314,NA,50833,1,NA,NA,CROZ,M,8,50833_1,GF,2E,CR1,CR,1/17/2014,NA,NA,NA,50833,UB,FT CH-A SEEN MULTIPLE TIMES IN CR. LAST SEEN LARGE PINEAPPLE SIZE@ ~28 D.O. CH-B MISSING AT ~ 14 D.O.,8,BR,1,GF,,0,2014,1/8/2014,AS,CH LARGE GRAPEFRUIT SIZE,422,11/1/2011,799,ONLY 1 CH CR
339,1314,NA,51159,0,NA,NA,CROZ,M,8,51159_1,GF,1E,FAIL,BR,1/8/2014,NA,NA,NA,51159,UB,CH LAST SEEN 13 D.O. AND GRAPEFRUIT SIZE. MISSING THE DAY AFTER FT'D. NEVER SEEN IN CR.,8,BR,1,GF,,0,2014,1/8/2014,AS,CH GRAPEFRUIT SIZE,458,11/1/2011,799,NEVER SEEN IN CR
340,1314,NA,69773,0,NA,NA,CROZ,M,3A,69773_1,OR,1E,CR1,CR,1/12/2014,NA,NA,NA,69773,UB,ACCEL/GROWTH STUDY. CH MEASURED IN CR AT ~14 D.O. ONLY 335g. NEVER SEEN AFTER. LIKELY FAILED AFTER CR,3A,BR,1,OR,,0,2014,1/11/2014,AS,FT CH SIZE OF LARGE ORANGE,553,11/1/2011,802,CR BUT FAIL
344,1314,NA,51011,0,NA,NA,CROZ,L,NA,51011_1,LEM,2E,FAIL,FAI,12/24/2013,NA,NA,NA,51011,UB,LOST SHORTLY AFTER HATCHING,,BR,1,LEM,,1,2013,12/22/2013,AV,LEMON SIZE CHICK,955,11/1/2011,782,
345,1314,NA,51089,1,NA,NA,CROZ,L,NA,51089_1,PA,2E,CR1,CR,1/17/2014,NA,NA,NA,51089,UB,ACCEL/GROWTH STUDY. 1CH LOST EARLY. OTHER WAS SEEN IN CR UNTIL 1/17 THEN NOT REFOUND.,,BR,1,PA,,1,2014,1/5/2014,AV,PINEAPPLE SIZE CHICK,451,11/1/2011,796,2ND CH DIED IN NEST
347,1314,NA,51213,1,NA,NA,CROZ,M,5,51213_1,PA,8E,CR1,CR,1/17/2014,NA,NA,NA,51213,UB,"CH FT'D, SEEN IN CR. ONLY EVER 8 OR 9 EGGS, THEN 1 CH",5,BR,1,PA,,0,2014,1/5/2014,MM,PINEAPPLE SIZE CHICK,464,11/1/2011,796,
,1213,NA,44436,0,NA,,CROZ,M,5,44436_2,MEL,2E,CR8,CR,1/21/2013,,,,44436,UB,FISH TAGGED CHICK BANDED,,G,2,PA,MEL,0,2013,1/10/2013,ELP,UB. PINEAPPLE AND >> GRAPEFRUIT,,11/1/2011,436,
,1213,NA,44567,0,NA,,CROZ,N,4,44567_2,GF,2E,CR1,CR,2/1/2013,,,,44567,UB,1 FISH TAG CHICK FOUND DEAD. OTHER WAS 2400G ON 2/1,,G,2,PA,GF,0,2013,1/9/2013,AV,1 GRAPEFRUIT SIZE; 1 > PINEAPPLE SIZE; FISH TAGS SEEN ON CHICKS,83,11/1/2011,435,
216,1213,NA,44923,0,NA,,CROZ,M,14A,44923_2,UND,1E,CR8,CR,1/22/2013,,,,44923,UB,"ONLY ONE FISH TAGGED CHICK BANDED, BUT THE OTHER ONE WAS LIKELY SEEN (AND NOT CAUGHT) IN EARLY FEB",NA,NA,NA,UND,UND,NA,NA,NA,NA,NA,NA,NA,NA,"fruit sizes only given once in CR, GF and MEL on 01-04"
,1213,NA,46555,0,NA,,CROZ,M,5,46555_2,UND,2E,CR8,CR,1/22/2013,,,,46555,UB,"1 FISH TAGGED CHICK BANDED, THE OTHER NOT FOUND, BUT IT WAS BIG AND CRECHED EARLY ON",,G,1,PA,,0,2013,1/4/2013,ELP,UB. PINEAPPLE SIZED FISH TAGGED CHICK AT NEST TAG,125,11/1/2011,430,"2 FT CHX in CR 1-08 PA and MEL, only PA given as last G statu 1-04s but potentially one already CR?"
234,1213,NA,46746,0,NA,,CROZ,P,3,46746_2,GF,2E,UNK,CR,1/8/2013,,,,46746,UB,FISH TAGGED CHICKS SEEN CRECHED ON 1/8 BUT THEN NOT AGAIN,NA,NA,NA,UND,UND,NA,2013,12/31/2012,NA,NA,NA,NA,NA,"last record with chx size given GF and GF on 12-31, added here, both not seen after 1-08 = NB"
219,1213,NA,47029,0,NA,,CROZ,M,3,47029_2,OR,2E,CR8,CR,1/22/2013,,,,47029,UB,"FISH TAGGED CHICK BANDED, BUT IT WAS SCRAWNY",19,BR,2,GF,OR,0,2013,1/7/2013,ELP,UB. GRAPEFRUIT AND APPLE,164,11/1/2011,433,2ND CHICK ADDED BUT PROBABLY DIDN'T CR
221,1213,NA,50833,0,NA,,CROZ,M,3A,50833_2,MEL,2E,CR8,CR,1/22/2013,,,,50833,UB,FISH TAGGED CHICK BANDED,8,BR,2,PA,PA,0,2013,1/4/2013,MM,BOTH CH PA-SIZED.,421,11/1/2011,430,"ELP CALLED MEL ON 1-7, CH2 SKUAD 1-14, OR ON 1-3!"
246,1314,NA,22716,0,NA,,CROZ,M,8,22716_2,GF,2E,CR8,CR,1/18/2014,,,,22716,UB,1 FT CH SEEN TWICE AFTER CR'ED,5,BR,2,PA,GF,0,2014,1/11/2014,MM,"ONE CHICK PINEAPPLE SIZE, THE OTHER GRAPEFRUIT SIZE",4,11/1/2011,802,ONLY 1 CHICK SEEN IN CR
325,1314,NA,46678,0,NA,,CROZ,M,MIS,46678_2,UND,2E,CR1,CR,1/17/2014,,,,46678,UB,ACCEL/GROWTH STUDY. FT CH-A SEEN IN CR MULTIPLE TIMES. CH-B FOUND DEAD IN NEST ON 12/27,4,G,1,GF,,0,2014,1/11/2014,AS,UB ON. FT CH (101/111) LARGE GRAPEFRUIT SIZE JUST OUTSIDE NEST,141,11/1/2011,802,CH2 DEAD IN NEST
292,1314,NA,48474,0,NA,,CROZ,M,3,48474_2,UND,2E,CR8,CR,1/17/2014,,,,48474,UB,CHX FT'ED. 1 CH SEEN IN CR,14A,BR,2,GF,GF,0,2014,1/5/2014,AM,GRAPEFRUIT SIZE CHICKS,233,11/1/2011,796,ONLY ONE SEEN IN CR
306,1314,NA,49575,0,NA,,CROZ,M,8,49575_2,LEM,2E,CR8,CR,1/14/2014,,,,49575,UB,"BIGGER CH FT'ED. SEEN IN CR. SMALLER CH TOO SMALL TO FT, LIKELY DIDN'T SURVIVE LONG EVEN IF MADE IT TO CR",5,BR,2,MEL,LEM,0,2014,1/8/2014,MM,FISHTAGGED LARGER CHICK. SMALL CHICK IS LEMON SIZE.,319,11/1/2011,799,ONLY LARGER CH FT
328,1314,NA,49472,0,NA,,CROZ,M,3,49472_2,OR,2E,CR1,CR,1/17/2014,,,,49472,UB,FT CH-A SEEN IN CR MULTIPLE TIMES. LAST SEEN PINEAPPLE SIZE AND 25 DO. CH-B LIKELY DEAD 1/5.,3,BR,1,GF,,0,2014,1/8/2014,AS,BNR. LARGE GRAPEFRUIT SIZE CHICK,301,11/1/2011,799,2ND CH DIED IN NEST
329,1314,NA,49670,0,NA,,CROZ,M,8,49670_1,OR,2E,CR1,CR,1/17/2014,,,,49670,UB,CH-B MISSING BEFORE FT'D. FT CH-A SEEN IN CR SEVERAL TIMES. LAST SEEN GRAPEFRUIT SIZE AT 25 DO. COULD NOT FIND FOR BANDING,3,BR,2,GF,OR,0,2014,1/8/2014,AS,1 GRAPEFRUIT AND 1 ORANGE SIZE CHICK. RSO,324,11/1/2011,799,ONLY LARGER CH FT
332,1314,NA,50054,0,NA,,CROZ,M,3A,50054_2,OR,2E,CR8,CR,1/17/2014,,,,50054,UB,ACCEL/GROWHT STUDY. FT CH-A SEEN IN CR MULTIPLE TIMES. CH-B LAST SEEN ~12 D.O. AND LARGE ORANGE SIZE. FT CH-B NEVER SEEN IN CR,3A,BR,2,MEL,OR,0,2014,1/5/2014,AS,CH A MELON SIZE. CH B LARGE ORANGE SIZE,366,11/1/2011,796,ONLY 1 CHICK SEEN IN CR
333,1314,NA,50151,0,NA,,CROZ,M,8,50151_2,OR,2E,CR2?,CR,1/27/2014,,,,50151,UB,"FT CH-A SEEN IN CR MULTIPLE TIMES, BANDED 65223. CH-B FOUND DEAD AT ~15 D.O. MAY HAVE CR THEN DIED.",8,BR,2,GF,OR,0,2014,1/8/2014,AS,1 GRAPEFRUIT AND 1 ORANGE SIZE CHICK,369,11/1/2011,799,2nd ch never seen in cr
334,1314,NA,50198,0,NA,,CROZ,M,MIS,50198_2,OR,2E,CR1,CR,1/17/2014,,,,50198,UB,FT CH-A SEEN IN CR MULTIPLE TIMES. CH-B FOUND DEAD @ ~ 16 D.O. COULD NOT FIND CH-A FOR BANDING. BB SEEN STANDING AROUND LATE WITH NO CH,MIS,BR,2,GF,OR,0,2014,1/5/2014,AS,CH A LARGE GRAPEFRUIT SIZE. CH B SMALL ORANGE SIZE,374,11/1/2011,796,2nd ch found dead in cr
336,1314,NA,50236,0,NA,,CROZ,M,3,50236_2,UND,2C,CR1?,G?,1/11/2014,,,,50236,UB,CH-B GONE AFTER ~ 10 DAYS. FT CH-A MAY HAVE CR BUT NEVER SAY FT IN CR. BB SEEN AT NEST ALONE TWICE  AFTER CH-A LAST SEEN.,3,BR,1,GF,,0,2014,1/8/2014,AS,BNR. SM GRAPEFRUIT SIZE CH.,379,11/1/2011,799,2ND CHICK LOST EARLY
338,1314,NA,50833,0,NA,,CROZ,M,8,50833_2,UND,2E,CR1,CR,1/17/2014,,,,50833,UB,FT CH-A SEEN MULTIPLE TIMES IN CR. LAST SEEN LARGE PINEAPPLE SIZE@ ~28 D.O. CH-B MISSING AT ~ 14 D.O.,8,BR,1,GF,,0,2014,1/8/2014,AS,CH LARGE GRAPEFRUIT SIZE,422,11/1/2011,799,ONLY 1 CH CR
345,1314,NA,51089,0,NA,,CROZ,L,LCITY,51089_2,UND,2E,CR1,CR,1/17/2014,,,,51089,UB,ACCEL/GROWTH STUDY. 1CH LOST EARLY. OTHER WAS SEEN IN CR UNTIL 1/17 THEN NOT REFOUND.,,BR,1,PA,,1,2014,1/5/2014,AV,PINEAPPLE SIZE CHICK,451,11/1/2011,796,2ND CH DIED IN NEST
263,1314,NA,62012,0,NA,,CROZ,M,8,62012_2,UND,2E,CR1,CR,1/17/2014,,,,62012,UB,"CH-A FT AND SEEN MULTIPLE TIMES IN CR. CH-B NOT FT, LAST SEEN 8 DAYS OLD",8,BR,2,MEL,,0,2014,1/5/2014,AS,UB ON. CHICK A SIZE OF SMALL MELON. COULDN'T GET SIZE ON CHICK B,486,11/1/2011,796,ONLY ONE CH FT
32,1617,m7,49234,0,NA,,CROZ,M,7,49234_2,OR,2E,CR8,BR,1/1/2017,GF,OR,1/5/2017,49234,UB,"FT CHX, ONE CONFIRMED IN CRECHE, OTHER OF UNKNOWN FATE",7,BR,2,GF,OR,3,2017,1/1/2017,EAB,GDR OK,NA,11/1/2011,1888,2nd ch never seen in cr
49,1617,m9-10,62116,0,NA,,CROZ,M,9-10,62116_2,OR,8E,CR1,CR,1/11/2017,PA,,1/11/2017,62116,UB,,9-10,G,2,MEL,OR,2,2017,1/5/2017,DJ,2 FT CHX SEEN,NA,11/1/2011,1892,2nd ch never seen in cr
50,1617,m23,49389,0,NA,,CROZ,M,23,49389_2,GF,2E,CR1,CR,1/8/2017,,,1/8/2017,49389,UB,,23,BR,2,GF,GF,3,2017,1/1/2017,DJ,UB ON.  BOTH CHICKS SEEN WITH FISH TAGS.,NA,11/1/2011,1888,ONLY 1 CHICK SEEN IN CR
55,1617,m8,46334,0,NA,,CROZ,M,8,46334_2,MEL,2E,CR1,CR,1/11/2017,PA,,1/8/2017,46334,UB,ONE FISH TAG CHICK 088 BANDED ON 1/21. BAND 74551. 2ND FISH TAG NOT FOUND.,8,G,2,PA,MEL,0,2017,1/5/2017,AL,,NA,11/1/2011,1892,
61,1617,m1,70708,0,74924,10K scale,CROZ,M,1,70708_2,OR,2E,CR8,CR,1/7/2017,MEL,,1/7/2017,70708,UB,FISHTAGGED 2 CHX BUT ONLY ONE SEEN IN CRECHE,1,BR,2,GF,OR,0,2017,1/1/2017,MLE,UB ON; FT CHX 152 AND 153,NA,11/1/2011,1888,ONLY 1 CHICK SEEN IN CR
66,1617,m34-35,51326,0,NA,,CROZ,M,33-35,51326_2,GF,1E,CR8,BR,1/8/2017,MEL,GF,1/11/2017,51326,UB,"FT CHX, 1 CONFIRMED CR",34/35,BR,2,MEL,GF,1,2017,1/8/2017,EAB,"UB ON, FT CHX IN NEST",NA,11/1/2011,1895,ONLY 1 CHICK SEEN IN CR
